평점,리뷰
5,리뷰 없음
1,리뷰 없음
2,"5일 업데이트 전까지는 별 5개 드릴 수 있을만큼 잘 쓰고있었는데 갑자기 웬 연돈 메뉴 선택 기능을 예약 중간에 하도록 만드신건지 모르겠네요;; 가뜩이나 1초도 아닌 미리초단위로 성공 여부가 갈리고, 인원 많을수록 예약하기 힘든데 4인의 경우 메뉴 선택하는데 누르는 시간 때문에 더 힘들어지겠네요. 그리고 이미 이전에도 기본메뉴 세팅이 되어있었고, 변경을 희망하는 사람만 별도입력해서 하면 됐었는데, 왜 이렇게 예약하기 번거롭게 바꾸신건지 이해가 안됩니다. 그냥 이전처럼 메뉴 선택 기능 없애주시거나 차라리 공정하게 메뉴칸도 인원수별로 반반 해서, 별도로 수정하거나 누르지 않고도 바로 예약할 수 있도록 미리 세팅값을 설정해주셨으면 좋겠어요. 운영자님 이 글 보시면 부디 꼭 좀 의견 반영 부탁드립니다."
5,이거 너무 좋은 데 외국분들도 사용가능하게 만들어 주시면 이회사가 더크게 발전하지 않을까요?? 요즘 사람많고 큰음식점을 많이 다녔는 데 다 테이블링이 있더군요 근데 (영어권.중국어.일본어)하시는 분은 테이블링 몰라서 그냥 서계시는 데 카톡이 있어야 테이블링이 되는 거라 설명해줘도 못하는 분들이 계시더군요 다이소 셀프 계산대도 영미일 버튼 터치 수 혼자서 잘하시던데 외국분들도 테이블링할수 있게 (영.중.일)버전도 만들어 보는 건 어떨까 합니다
1,앱 업데이트 하고 최악의 앱이 되었네요^^;; 원격 줄서기 하려면 테이블링페이가 필수고 테이블링페이 하려면 아시다시피 계좌정보 등록해야하는데 과연 테이블링 앱에 이정도의 정보를 제공해야 할 가치가 있는지...? 저는 그냥 아침 일찍 일어나서 그냥 물리적으로 이동해서 줄서기 하고 말렵니다 차라리ㅎㅎ 정말 수익성 모델을 이렇게 짜는게 최선이셨나요...ㅎ 심지어 업데이트 후 리얼타임으로 줄서기 현황 보는 화면도 UI가 정말 혁명적으로 구려져서 놀라울 정도입니다ㅎ
2,"5일 업데이트 전까지는 별 5개 드릴 수 있을만큼 잘 쓰고있었는데 갑자기 웬 연돈 메뉴 선택 기능을 예약 중간에 하도록 만드신건지 모르겠네요;; 가뜩이나 1초도 아닌 미리초단위로 성공 여부가 갈리고, 인원 많을수록 예약하기 힘든데 4인의 경우 메뉴 선택하는데 누르는 시간 때문에 더 힘들어지겠네요. 그리고 이미 이전에도 기본메뉴 세팅이 되어있었고, 변경을 희망하는 사람만 별도입력해서 하면 됐었는데, 왜 이렇게 예약하기 번거롭게 바꾸신건지 이해가 안됩니다. 그냥 이전처럼 메뉴 선택 기능 없애주시거나 차라리 공정하게 메뉴칸도 인원수별로 반반 해서, 별도로 수정하거나 누르지 않고도 바로 예약할 수 있도록 미리 세팅값을 설정해주셨으면 좋겠어요. 운영자님 이 글 보시면 부디 꼭 좀 의견 반영 부탁드립니다."
4,키오스크 코드번호 입력하는 페이지 개선점 의견드립니다. 대기순번 새로고침 시에도 코드 입력 키보드가 올라옵니다. 페이지 첫 진입 시점에 편의를 위해 키보드가 자동적으로 올라오는 것은 좋으나 새로고침 버튼 시에는 안올라오는게 더 편할 것 같아요 api 콜 후 분기 없이 키보드 노출 시키는 부분에서 분기가 필요해 보입니다.
1,정말 별로입니다. 수많은 앱을 썼지만 이용 시작부터 대뜸 자체 페이를 계좌까지 등록하라고 들이미는 앱은 처음 봅니다. 덕분에 여행 끝나자마자 찝찝해서 계좌연동 바로 취소하고 앱삭제 했습니다. 자체페이가 범용성이 있는것도 아니고 자주 쓸 앱도 아닌데 왜 이렇게 만들었는지 모르겠습니다.
1,페이 연동 부분에서도 혹평밖에 안 보이지만... 그냥 '휴대폰 본인인증' 단계에서부터 화면이 안 넘어가네요ㅋㅋㅋㅋㅋㅋ 그런와중에 오른쪽 상단 '취소' 버튼은 멀쩡히 작동하는게 제일 열받습니다. 본인들의 앱을 하루빨리 핸드폰에서 삭제해달라는 말을 이렇게 돌려서 하는군요
1,"뭔 테이블링페이를 이용해야만 원격줄서기가 가능한건지, 이 노쇼를 위해 페이시스템을 운영하는거라면 이해하겠는데, 이건 뭐... 페이를 이용해야지만 토큰개념의 '폭탄'이 적립되고 폭탄을 사용해서 줄을선다.. 폭탄은 3개가 필요하고 페이 사용액에따라 지급폭탄이 다르다... 수익을통해 회사가 운영이 되야하기이 다양한 수익모델 패치 및 서비스 제공은 좋습니다만, 굳이 저는 이젠 사용할 의무가 크게 없어진 것 같네요. 쓰실분들은 잘 쓰셨으면 좋겠습니다. ㅋㅋㅋㅋㅋㅋㅋㅋㅋㅋ 돈좋은건 알겠는데 시스템이 그닥인거같아요."
1,테이블링페이? ㅋㅋㅋ 기가찬다. 노쇼 방지를 위한 선약금 거는건 가게를 위한 일이니 그럴 수 있다 쳐도 무슨 당근페이 흉내내는 마냥 지들 앱내 자체적인 페이 시스템을 쑤셔 넣은 부분과 뭐를 3개 이상 모아야만 예약이 가능하게 변경된건 쉽고 간단한 예약 이용이라는 본 앱 이용 목적을 잃는 최악의 악수라고 봄. 이제 이 앱도 안 쓰고 이 앱 써야하던 가게도 그냥 안 가게 될 듯. 이번 업데이트한 놈 대단하다! 박수를 보내고 싶다! ㅋㅋㅋㅋㅋ
1,연돈 전용 어플인데.. 막상 예약할 시간되면 서버 터져서 예약이안됨 ㅋㅋ 예약 버튼 눌렀을때 서버에 접속 대기 순서 걸면 형평성이라도 맞을텐데 그게 그렇게 어렵나.. 똑같은 문제로 비슷한 리뷰가 이렇게 많은데도 개선이 안된거보면 고칠 생각이 없는것같은데.. 경쟁어플이 없어서 그런듯
3,편해서 좋습니다. 그런데 매장이용과 테이크아웃 이용 줄 빠지는 속도가 다른경우 추가로 표기가 되면 좋겠습니다. 예로 총 대기 200명(takeout: 5명) 이런식으로요. 묶여서 표시가 되니 대기는 백번째인데 오분뒤에 입장순서라고 연락오고그래요
1,식당들한테 수수료 받고 있는 걸로 아는데... 돈독이 많이 올랐나보네요 급 앱 자체 페이시스템 도입하고 충전금액이 최소 3만원부터 시작하는건 어디서 배워먹은 건지.. 이것도 어이없는데 원격 줄서기하는데 페이 결제이력에 따른 포인트(폭탄)만 사용 가능?? 이건 진짜ㅋㅋㅋㅋㅋㅋ 이정도 자체 페이 가입 강요는 또 첨보네요 ㅎㅎ 번창하세요
1,완전 쓰레기 어플이네요..아니 뭔 어플을 이따위로 만든건지... 가입할때 모든 정보 기입해야하면 sns연동버튼은 왜 만든건지.. 그리고 예약하는데 왜 무조건 계좌번호 등록을 시키는지 이유를 모르겠네요... 애초에 회원 가입할때 계좌연동 안하면 사용 불가라고 크게 안내 창을 띄우던가 해야는거 아닌가여............ 단순 예약하려고 어플 가입했다...첨으로 예약 시도하다 화 나게 만드는 어플이네여....
1,이거 앱의 완성도가 너무 떨어지네요... 원격줄서기 해서 결제하고 카톡까지 받았는데 앱에는 예약내역 이런게 전혀 표시가 안됩니다. 현재 대기명단도 갑자기 0이되고... 앱 에러 났는지 강제종료 되기도 하고.. 이럴거면 그냥 모바일웹 기반으로 서비스를 하시는게 좋지 않나요...
1,테이블링 페이를 가입할때부터 등록하도록 하던가 이제 예약할라고 각잡고 준비했는데 예약 누르니까 계좌를 등록하라니 어쩌구저쩌구 그 덕에 여행일정 다 꼬여버려서 끔찍한 하루를 보냈습니다. 심지어 기껏 등록했는데 쓸곳은 없는 무의미한 절차더군요. 역대 업데이트 중 사용자 편의는 개나 줘버린 최악의 업뎃입니다. 이번 한번은 어쩔수 없이 썼지만 다시는 쓰지 않을 예정
1,"뭡니까 이게 연돈 치즈까스도 인원 반이상 시키지도 못하고 폭탄은 또 뭔데 저리 까다롭고 테이블링페이는 왜 만든겁니까? 그것만 없었어도 꽤 괜찮았을텐데요 업데이트는 더 좋게 만드려고 하는건데 기존에 좋은점들을 업데이트, 테이블링페이로 없앴잖습니까 업데이트 하기 전으로 되돌려 주십시요 (테이블링 페이도 없애주세요)"
1,"너무 화가나 후기 처음써봄. 최악의 어플. 페이 갑질은 처음봅니다.적당히 하세요. 로그인,회원가입, 은행계좌등록, 자동이체 등록 강요하여 개인정보 수집하는 최악의 어플. 다른 예약어플이 얼른 생기길 기도합니다. 여행지 오셔서 예약하시는분들!! 개인정보 다 털리고 예약도 못하니 이딴 어플깔지마시고 포기하세요."
1,아니 잘쓰고있다가 갑자기 계좌등록은 왜 하라는 거죠? 계좌확인에 출금동의까지? 스미싱 앱이 깔린줄 알고 놀랬네요. 다른 앱들은 간편결제를 지원하기도 하고 구글플래이스토어 결제도 있잖아요. 간편 결제 플랫폼 개발 등의 다른 목적이 있으신것 같네요. 고객들의 줄서기의 편의성을 고려하는 초심을 찾으시길..... 더 이상은 쓰지않을 것 같아요.
4,테이블링엡을 통해서 줄을 안서고 이용할수있어서 편리했어요 매장에 대한 정보가 있어서 미리 정하고 가니까 확실히 시간을 아낄수 있어서 좋았어요
1,검색기능이 왜이런가요? 지역을 정해서 검색할수 있게 해줘야죠;;;;
3,한국인 사용자입니다. 카톡으로 메시지 가면 외국에선 카톡 안 쓰는 건 생각 안하시나요? 외국인들이 한국 와서 식사 접수하는 것도 힘들면 한국 개망신이다. 한국 망신 시킬거냐?
1,분명 사람 많을 가게인데 대기가 없어서 어플 원격줄서기가 안된다길래 직접 가보니 4팀이나 대기 중인데 이럴 거면 이 어플 왜 쓰나요
5,편하긴 편해요. 문제는 원격 줄서기로 했을 때 리뷰하기 힘든 점인 거 같아요. 로그인이 되어있거나 안 되어있을 때 리뷰 연동이 안되어서 제 계정으로 리뷰가 안 올라가고 익명1이 올린 리뷰가 되어버린다는 게 아쉽네요.
1,개같은 어플 카드결제 안되게 해놓고 계좌등록에 인증에 다하고 살려고 하면 마음대로 돈빼가서 3만원씩 페이충전하고 자빠졌네
3,테이블링 덕에 시간은 아껴서 좋은데 정작 폭탄 채워야 하는 결제시스템을 못해서 폭탄은 줄기만 하고 늘릴 수가 없어요 계좌로 충전했다가 테이블링 페이로 결제안되서 카드로 결제하고 나오네요.. 쓰실 분들은 쓸 수 있게 테이블링 페이로 선택 가능하게 해주면 좋겠어요
1,"업데이트 하고 기존 아이디로 로그인도 안되고, 새로 가입했더니 갑자기 결제수단 등록해야 한다고 뜨네요... 줄 서는 정도인데 이걸 왜 등록해야하는 지 모르겠어요. 진행하다가 자동이체 계좌등록이라는 단어에 찝찝해서 그냥 안했습니다... 앱 잘썼는데 이제는 모르겠네요"
5,"사용자중 60%이상이 연돈인듯 ㅋㅋㅋㅋㅋㅋ 리뷰보고 너무 웃겨서 ㅋㅋㅋㅋㅋ 역시 저도 실패 ㅋㅋㅋ 어렵진않고 저는 튕기지도 않았는데 실패 ㅋㅋㅋㅋ 아 5초보다 빨랐는데 슬프네 ㅋㅋ 팁 드리자면 😀1. 즉시예약 버튼을 눌러 위치기반을 먼저 동의해주세요 (in 제주) ㅋㅋㅋ 😃2. 인원 선택 후 다음을 누르세요 ㅋㅋ 😄3. 요일이 보이는 그 화면에서 대기하세요 😆4. 8시 정각이 되면 요일 아래 시간별 버튼이 뽝!뜹니다 ㅋㅋㅋ 😁5. 선택 후 다음, 메뉴 수량 터치! 터치! 다음 😘6. 예약 완료하시겠습니까? 예 터치! 다음 🤣7. 실패 ㅋㅋㅋㅋㅋㅋㅋㅋㅋㅋㅋㅋ"
1,"가려던 식당이 테이블링 앱에서 '대기 없음'으로 뜨길래 룰루랄라 갔더니 글쎄, 정작 매장 테이블링 앱은 켜놓지도 않았고 사람들은 바글바글 줄 서있던 거예요! 아니 그럴거면 테이블링 앱에 '대기 없음' 이따위로 써놓질 말던가...? 매장에서 앱을 아예 꺼놨을 경우에 맞춰 표시해줄 필요가 있다고 생각됩니다. 괜히 헛걸음만 했어요!"
1,대기하는 사람이 많아서 문제가 생기는 일이 많은데 고치지도 않고 예약 하는 의미도 없습니다. 진짜 실망스럽고 마음에 안듭니다. 그리고 다른 사람들이 남기신 리뷰를 보는데 다 메일이나 담당부서로 연락하라고 적혀있는데 공통된 시스템 문제로 인해 많은 사람들이 불편을 겪고 있습니다. 근데 왜 수정을 안 하시는거죠?
1,위치사용권한 되어있는데 예약하기하면 자꾸 하라고 알림뜨네
1,다운 받을때 왜 별점이 이렇지? 했는데 기능 하나 써볼려고 하니 왜 그런지 바로 알게됨. 줄서는거 예약 하는데 왜 오픈뱅킹까지 연동해야하고 자동충전까지 가입해야하는지 모르겠음 차라리 예약금이 필요하면 그때가서 수동충전하면 되게라도 해뒀으면 모르겠음.
1,"이번 업데이트는 업그레이드가 아닌 다운그레이드인 것 같습니다. 불편한 것 투성이에, 무리하게 사업 확장하려고 한게 너무 뻔히 보이네요. 이런식으로 업데이트 해놓고 애꿎은 업장과 손님간에 얼굴 붉히게 만들지 마세요. 가뜩이나 웨이팅 있는 식당들 대상이라 직원들도 충분히 바쁘고 정신 없는데 코드 입력 오류나고 어플도 그지같아서 먹기 전부터 빡침"
1,뭔 원격줄서기 한번하려는데 가입에 페이등록까지 하랍니까....가입도 카카오톡계정으로 시작하기 눌렀는데 뭔 이메일 비번 또 쓰라고하고 휴대폰인증도 하고 계좌등록은 왜 하라고하는지... 이거 어플 쓰기싫어서 그냥 원격줄서기도 안하고 그냥 다른데가려구요. 어플은 그냥바로 탈퇴했습니다.
5,"만족해요! 앱 내 지도 기능을 지원하면 더 좋을 것 같습니다. 가게 별로 각각 페이지에 들어가서 위치 클릭해서 구글앱으로 하나씩 보기보단, 앱 자체 지도에 내 주변 기능으로 가게 위치가 표시되면 훨씬 더 편할 것 같아요."
1,별점 주기도 아까워요. 제주도에 있는 그 가게를 가기 위해서 깔았는데 아예 개인정보 인증 자체가 안됩니다. 핸드폰 통신사 누르는 그 페이지부터가 아무것도 안되구요. 뭐 8시 가까워져오면 예약 튕기니뭐니 그럴 수 있는데 아침 댓바람이건 새벽이건 할 것 없이 아예 아무 것도 안되는 어플입니다. 어플 그냥 지우는데 일부러 평점 남기려고 잊고 지내다가 지우기 직전에 평점 씁니다. 어지간해선 평점 안남기는데 정말 최악의 어플이었습니다.
1,아니 저기요... 페이 연결하라면서.. 결제 비밀번호 설정 창에서 왜 다음 화면으로 넘어가지를 않나요? 페이 연동해야 쓸 수 있다면서 페이 등록이 안되고 있는데 ㅋㅋㅋㅋ ㅋㅋㅋ 아니 뭐 어케 쓰라는 말인건데? 웨이팅 할 기회조차 안주네 진짜 ㅋㅋㅋㅋㅋㅋㅋㅋ 여행와서 개빡치네
1,메뉴선택창 생기고 더 그지같아졌어요~~~~ 시간이 떠도 메뉴창에서 품절이라고 자꾸 돌려보내고 그지같은 어플 그지같은 시스템 ~~~ 메뉴선택창 생기기 전엔 훨씬 쉬웠는데 접속만 그지같아지고 ~~~~~ 쓰리 그지s 그지같이 바뀌더니 접속도 안되네요 ㅠㅜㅜ R.I.P..
1,실제로 대기시간을 줄이고자 개발하신거 같은데 바쁜가게에만 해당이되고 그것조차도 코드번호 입력시스템을 만들어놓아서 조금이라도 늦으면 취소가 되서 처음부터 다시 접수해야하고 오히려 직접 기다리는 것보다 못합니다 많은 개선이 필요한듯
1,"이럴꺼면 차라리 예약비대행수수료를 따로 받으시고, 회사수익모델을 대행수수료로 변경하시는게 좋치않을까싶네요. 이건 정말 본의아니게? 갑질당한 기분이네요. 테이블링페이 필수등록 디파짓은 진짜 무리수네요. 인증도 안되구요. 너무 좋은 서비스인데 아쉽네요."
5,예전부터 쓰는 중인데 리뉴얼하면서 줄서기순서바꾸기 페이 등 편리한 기능 많이 생김. 타임세일이나 포장같은건 가능한 매장이 많이 생긴다면 앞으로 유용하게 쓸 수 있을 것 같음.
1,징짜최악이네요 3천원은 3천원대로 가져갔으면 예약 대기 몇명인지라도 보이게 해놓던가 아무리 여러번 눌러봐고몇명남았는지도 모른채 갔더니 순번 지났다고 하네요. 그리고 3천원은 음식점에 드리는겁니까? 아니면 그냥 원격예약비만 3천원챙기는겁니까? 뭐 하나 제대로 된게없이 이럴거면 원격예약 받지마세요
1,계좌 등록하라고해서 하려고해도 오류 계속 나서 등록도 안되는데 어떻게 하라는건지... 아니 인증을 도대체 몇번이나 해야되는거예요... 계좌정보 제공하는것도 이상하고 다른 페이 쓰게 하면 깔끔할 것을 굳이 또 테이블링페이 따로 쓰게 해서 개인정보동의 쓸데 없는거까지 다 하게 하고... 잘 만들어서 잘 되면 말 안하는데 계좌 연결하려고해도 오류로 계속 안되는데 어떡하라는건가요? 어플의 의미가 없어지고 있는 것 같아요
2,연* 예약은 운인가요..? 모두들 2~3초 이내로 완료까지 하실텐데 그럼 속도 때문은 아닐테고... 운으로 생각하기에는 보름이 다 되는데록 도전했는데 예약 못했네요.. 선택속도 줄이기 위해서 등심돈까스만 연속 두번누르는 전략으로 했는데도 안되네요;; 이거 먹고안먹고가 아니라 기분에 문제이고 예약 성공하신분들이 어떻게 예악된것인지 진심궁금하네요~~^^
1,1) 간편 등록이 가능하다는데 결국 정보 다 넣어야 가입 2) 서비스를 이용하려면 반드시 계좌 등록을 해야하네요 간편 카드 결제가 가능하거나 아니면 폭탄 구입용으로 소량만 결제룰 할 순 없나요... 등록할려다가 은행 계좌를 반드시 하라고해서... 이상해서 리뷰 남깁니다
1,예약을 위해선 테이블링 페이라는 간편이체 필수 등록해야함. 과거엔 없었는데 정책이 변한듯. 운영진이 돈독이 오른건지 뭔지 모르겠음. 간편이체를 필수로 하는 어플은 거의 못본거같은데 쓰레기같은 절차를 필수로 만들었음.
5,어느 음식점은 그 지역에 위치해 있어야 예약 가능해서 어제 밤에 설정 다하고 확인도 하고 오늘 시간 되서 예약 할려니 알림 메세지 위치가 안맞다고 해서 설정 들어가보니 설정은 잘 되있대요?? 다시 설정 비활성화하고 활성화 하니 그때서야 다시 잡네요 계속 같은 지역에 있었는데 말이죠 그래서 예약 창도 못열고 마감 됬네요 ㅎ 어플 잘만드셨어요 휼륭하네요 앞으로 이런 어플 많이 만들어주세요
1,갑자기 무슨 페이?? 웬 계좌등록? 선택사항도 아니고 강제로 계좌등록 시키는거 완전 짜증나네요ㅡㅡ 배민도 당근도 페이 서비스 원하는 사람만 등록하게 하구만 테이블링은 뭔데 무조건적으로 내 개인정보를 등록하게 하고 안하면 예약도 진행 못하게 합니까 연돈 예약하러 들어갔더니 이상한게 떠가지고 시간버리고 예약도 못하고 ㅡㅡ 갑자기 기분 드럽네여
1,"페이 도입했다며 회원가입을 다시 시킴. 인증 서버가 터졌는지 계좌 인증 과정에서 아무 것도 작동하지 않음. 인증 3회 실패했다며 가입 자체를 막아버림. 비즈니스 모델 만들어야 하는 건 이해하지만 준비 너무 부족, 무슨 생각으로 이렇게 허술하게 준비한 건지 모르겠음."
1,"원격줄서기 잘 사용하고 있었습니다. 그러나 폭탄 30개를 다 쓰니 더이상 어플을 쓸 수가 없네요. 폭탄을 충전하려면 포장을 하든 페이 결제를 하던 해야하는데 제가 사는 제주 지역 특성상 테이블링 페이를 지원하는 음식점이 너무나 적어 폭탄 충전하려면 30km 차를 타고 먹고싶지도 않은 음식점에서 포장을 해야하는데, 전화 문의해도 그 외에는 충전할 수 없다고만 하네요. 10만원에 폭탄 100개 팔면 바로 살 의향 있습니다. 제발 어플 이용 좀 하게 해주세요. 자주 가는 음식점 웨이팅이 너무 긴데 이거 때문에 가고 싶어도 못 갑니다."
1,제2의 배달어플. 이런거 개발하는 사람들이 너무 싫다. 의견남기려고 깔았지만 다시 지울것이다. 식당들한테 수수료 받아먹는다고? 결국 손님들한테 수수료 전가될거고. 이어플을 이용하는건 줄서기에 공정하지 못한 방법이다.
5,원격으로 대기 걸어놓으면 입장 할때쯤 시간 맞춰서 카톡 보내줌 시간낭비 안하고 좋음 대신 핸드폰을 잘 붙들고 있어야함 예약할 때 전화를 안해도 되는 점이 무엇보다 좋아요 줄도 대신 서주는 시스템 만족스러워요
1,별하나도아까운 편의성 진짜 첫예약부터 욕이나와서 이따위 어플은 선택한 식당까지 같이 욕하고 싶어진다. 불편하고 직관적이지 않은 인터페이스. 이 정도 수준 어플이 순위권이라니 개발자들 반성좀하세요
1,"요새 줄서기 어플써야한다고 해서 앱 깔고 가입했는데... 가게 시간 되기 전에는 원격줄서기 버튼 비활성화, 가게시간 되니까 본인인증 필요, 본인인증하니까 계좌등록까지 하라네요?? 처음부터 앱으로 원격줄서기 쓰려면 테이블링페이 써야한다고 표시를 하던가요 ㅡㅡ 기분 나빠서 앱 자체를 삭제했습니다."
4,미리 대기 걸 수 있어서 좋아요. 그런데 폭탄 충전할 수 있는 방법이 아직 없어서 쓰기만 하고 적립이 안 되네요ㅠ 식사 후 테이블링 페이도 안된다고 그러고...폭탄 충전 및 적립할 수 있는 방법을 좀 알려주세요.
1,앱 설치 후 음식점 예약 하는데 까지 이렇게 단계가 많은 앱은 처음봄. 무슨 등록할께 이리 많은지... 덕분에 예약하려고 30분전부터 대기한 식당은 예약 실패;; 다시는 안쓰고 싶은 앱임!!
1,근래 써본 앱 중 최악의 가입절차입니다. 카카오 계정으로 로그인하는데 또 다시 이메일 주소랑 개인정보를 물어보는 것이 이해가 안가고 그렇게 입력해둔 정보를 간편계좌 등록할 때 또 물어보는데 왜 이렇게 만드셨는지 모르겠네요. 심지어 인증번호나 계좌번호 입력할 때 붙여넣기 가능하게 해두지 않아서 일일이 입력해야 했네요.
3,랙이 너무 심해요... '현재 인원수가 많아 다음에 이용해주세요'는 문구가 뜨던데... 다른사람은 더 나중에 눌러도 예약이 되던데 저는 이렇게 떠서 예약 실패하니 너무 실망스럽네요ㅠ 저런 문구는 왜 뜨는 건가요?? 이용인원이 많은 식당을 어플로 편히 예약하고 방문하라는 것이 해당 어플의 목적 아닌가요?? 다른 사람이 다 예약을해버려서 '예약가능한 시간이 마감되었다'는 문구는 제가 늦은것이니 이해하겠는데 빨리 클릭했을때도 뜨는 저 문구 설명좀 부탁드립니다!
1,원격줄서기 시 화면 하단 잘려서 안보임. 수정. 재설치 후에도 여전히 화면이 잘려서 버튼이 보이지 않음.
1,"계좌정보는 왜 등록하는거며, 왜 대기팀이 2팀 이상일때만 대기가 되는겁니까? 원격대기를 편하게 하려고 이 어플이 존재하는거 아닌가요? 불편 ㅋ"
1,"체크 페이 등록 과정에서 ARS 인증이 너무 느린 부분, 폭탄 시스템을 도입한 것에서 너무나도 큰 불편함을 느끼네요. 먼저 ARS 인증 부분 데이터 가져오는 로직 좀 개선해주세요.."
1,"식당 브레이크 타임도 고지 안해놓다니요. 대기료 3000원내고 1시간반 기다리다가, 브레이크타임이라 두시간 더 기다려야한다고해서 취소했습니다. 식당측에서도 저 같은 경우가 많아서 테이블링에 몇 번이고 얘기했다는데 대기료 받으려고하는건지 아무런 조치도 없다며, 그 쪽으로 환불요청하라해서 환불요청했는데 테이블링은 답장도 없네요. 정말 별로예요 이 어플."
1,제주도 연돈 방문을 위해 설치했는데 위치 설정을 계속 물어보기만 하고 예약 페이지에 들어가지도 못하게 하네요!! 위치 설정 했는데 왜 계속 물어보는지 정말 바보 같은 앱이네요!
5,폮~탄을 써야 하지만 대기순서를 뒤로 미루는 기능은 탁월하다고 생각함. 이 앱 쓰면서 시간 내에 도착할 수 없는 상황을 몇 번 겪었는데 앞으로는 좀 더 편하게 앱을 쓸 수 있을듯..
1,자체 페이기능쓴답시고 억지로 계좌연결시키는데 뭘 잘못만든건지 계속 같은번호 입력해도 틀렸다고 나오고 신상정보와 아무연관없는비밀번호로 설정했는데 생일로하지말라고 오류를띄우더니 뒤로갔다가 다시하니까 또 통과되고 ars연결도 제대로안돼서 두번하게하고 그와중에 아이콘은또 누끼를 거지같이 따놔서 흰도트다보이는꼴보니까 오만정다떨어져서 그냥 줄서기 안하고 다른데갔습니다 어플때문에 가본적없는가게이미지도 최악이네요지금
2,"연돈 예약하려고 깔고 인원 한정 수량도 확인해서 메뉴 담았는데도 주문할 수 없다, 뭐다.. 계속 시도해보다 다시 처음 화면으로 들어가보니 예약 마감... 예약마감이면 예약마감이라고 뭐라도 띄어줘야되는거 아닌가 싶음"
3,지도에 음식점 표시되고 눌러서 고를 수 있으면 얼마나 좋을까요?
2,충전계좌가 등록이 안돼요 전화인증까지 다해놨는데 마지막 화면에서 렉걸렸는지 다음 화면으로 넘어가질 않아서.. 3번 시도해도 계속 이러네요
1,"별 한개도 아까움..줄서기 시스템에 왜 내 계좌정보가 필요한건지 전혀 모르겠으며, 또 폭탄시스템이라는게 있는데 폭탄이 없으면 줄서기도 못함. 이걸 대체할 시스템이 얼른 나오면 좋겠네요."
1,적립해야 원격대기 신청가능.. 자체 페이를 써야만 적립 가능.. 근데 그 페이란게 현금영수증도 못 하는 멍충이.. 가입하고 계좌 연동하면 10번은 대기순번 올릴 수 있으니 10번 쓰고 지워는걸 추천..
1,원격줄서기하려면 이제 음식값을 카드결제도 못하고 테이블링페이로 결제해야하네요. 완전 현금 뜯어내려고 작정하셨군요. 다른 어플 나오길 기대합니다.
1,가입도 복잡하고 계좌 연동까지 하고 나서야 예약 만석인걸 확인할 수 잇었습니다. 예약가능 여부부터 보여주면 좋겠어요
3,편리한면도 있는데 대기 등록전에 앞에 대기몇명. 몇번째 대기로 등록 예상된다는 예시같은게 떴으면 좋겠네요. 식당으로 이동하는길이라 대기가 짧으면 굳이 등록 필요가 없는데.. 이동 시간 사이에 순서가 온적이 있어서요^^
2,서치에 지역이랑 상호명이랑 쓰게 되어 있는데 관련없는 업체가 줄줄이 나와서 이게 서치가 맞나싶구요 지역을 검색하면 타지역도 떠요... 보통 찾는 업체가 없으면 없다고 표시되어야하는데 타업체들이 다닥다닥 뜨네요...지역 설정 따로 업체 서치 따로 해놨으면 좋겠네요 사용하기 불편해서 일단 삭제합니다
1,부모님이랑 식사가는데 안 기다릴 수 있게 사용하려고 했더니 웬 페이앱을 가입하래요 가입하기 눌러도 뭐 뜨지도 않으면서 어쩐란건지;; 너무 싫어요..... 가입이 강제적이라 더 그래요 선택형도 아니고 우리꺼 쓰려면 가입해! 이런식이라 더 쓰기 싫어져요....
5,"그냥 집 근처 맛집갈 때 사용해도 꿀이지만, 여행갈 때 사용하면 진짜 그 지역 맛집리스트도 볼 수 있고 원격으로 줄설 수 있어서 편해요!"
1,검색창 개선좀 해주세요.. 오는정 찾으면 '오' '는' '정' 한글자씩 포함된 모든 가게가 나오면 어떻게 찾으라는건지.. 없으면 없다고 나오는게 나을거같네요. 한 글자씩 나오는 검색결과로는 도저히 못찾겠네요. 규칙이 있는것도아니고
1,별 1개도 아까운 어플이네요. 사용자가 많다는 창만 뜨고. 그냥 예약이 다 됐다는 창을 띄우세요. 사용자가 많다=잠시 기다려라. 이렇게 어플 사용자에게 해석시켜서 계속 기다리면서 시간만 낭비하게 합니다.
1,너무 하네요 이런식으로 돈벌려고 하다니 독점하고 있는 대단한 기술이 필요한 시스템도 아닌데 유료화 하면 누가 쓰나요 당장 가는 가게마다 이것때문에 못오겠다고 해야겠네요 이런시스템 새로 치고 들어올 업체 차고 넘칠텐데 얼마나 잘되는지 두고볼게요
5,앱으로 음식점들 메뉴 주문부터 결제까지 쉽게 할 수 있어서 편하네요~앱에서 대신 줄서기 걸어 놓을 수 있어서 좋았어요
1,"처음 시작도 별로고 가입 다 해놓고 원격줄서기 했더니 페이 등록해라고 대기팀 70팀 이상 밀려버림. 상식적으로 사람 많이 몰리니까 사용하는 어플 기능인데, 선착순 등록할때 갑자기 추가적인 단계 만들어놓는 건 신규 가입자 물 멕이는 과정 아닌가 싶음."
5,"좋은 레스토랑을 스마트하게 이용하는 방법:) 아직 사회 초년생이라면 초년생이라 윗분들 모시고 음식점 예약하는 일이 많아 어려웠는데, 이게 웬 걸! 정말 똑똑하고 간편한 어플입니다~ 매번 대접에 있어 실패만 하다가, 가려는 지역과 맛집 리뷰를 보고 예약할수있어 정말 좋아요^^"
5,원격줄서기 편리하고 좋아요 쉽게 걸 수 있고 늦을 것 같으면 미루기도 가능해서 너무 편리합니다 굿이에요
3,원격 줄서기 용으로 사용하는데 매장앞 키오스크에 나오는 코드번호를 입력하는거면 원격의 의미가 없는거 아닌가요? 옛날엔 없었는데 왜 이런 이상한게 생긴건지..
2,지역별로만 카테고리라이징 되어 있는데 메뉴종류별-지역별로도 추천이나 검색되면 더욱 좋을것 같네요.
3,즉시예약 전화 안해도 되고 편리함. 근데 예약 가능한 매장이 많이 없는 것 같음. 이 부분만 보완되면 잘 쓸듯.
1,원격줄서기인데 가게 키오스크 번호 필요?? 가게와 떨어져있어서 원격줄서기를 한건데 내 순서가 언제인지 알라면 키오스크 번호가 필요하다는게 말이 되는건지..ㅎㅎ 그러면 원격으로 줄 설 필요가 없죠 현장에서 줄을 서고 말죠 ㅋㅋㅋ
1,원격줄서기 할때 계좌를 왜 등록하는지 모르겠네요... 뭐 그렇다쳐도 그럼 아이디를 가입하고 바로 진행하거나 안내를 해줘야죠. 휴 대기 시간만 엄청 늘어났어요
5,폭탄이라는거 이름 대체 누가 지은건지... 음식이랑 관계도 없고 되게 불쾌함... 진짜 폭탄이라는 이름만으로도 사용자경험이 매우 나빠짐
1,"메뉴고르는 순서가 생겨서 매뉴선택 등록해놓지 않은 업체에선 원격줄서기 자체가 불가능하네요,,,,, 업뎃 안한 분들만 사용 가능한가봐요"
1,최악의 어플. 테이블링페이 도입하기로 했으면 알뜰폰 사용자도 접근할수있게해놓고 시행을 하던지 페이 가입조차도 어렵고 다시는 이 어플 사용도 안할거고 이걸 사용하는 가게도 방문하지않을거임
1,별점낮은 이유가있네요 ㅋㅋ 본인인증 여러번 시도해봤는데 언제는 동의버튼이 안뜨고 언제는 인증버튼이 안눌러지고 언제는 대기화면에서 멈춰있고 언제는 흰색 화면만 떠있고 ㅋㅋ 최악이네요 덕분에 이걸로 원격줄서기 해놓으려고 했던 식당도 안 가게 됨
1,줄서기 어플인데 ..예전엔 잘됐는데 올해 업뎃후에 줄서기버튼이 없어져서 사용을 못하고있어요. 고객센터 문의했는데 해결을 못해주시더라구요ㅠㅠ 아쉬워요~
1,앱이 문자해킹당하고있습니다. 테이블링 대기하고 좀이따 입장대기 (xxx실장)와 링크가있는 문자가왔습니다 확인바랍니다
1,원래 안이랬는데 거지같이 바뀌었네요. 테이블링으로 줄서는 사람도 없어져서 대기인원도 안맞네요 곧 없어질 서비스로 보입니다. 수고하셨어요.
5,앱이 유용합니다 간단 예약이나 웨이팅 같은 걱정이 사라져서 좋아요~엄선 맛집 검색으로 좋은 곳 많이 알게됐어요
1,예약 하려고 시도 하였으나 앱이 먹통 왕짜증 있으나 마나.... 한듯
1,돈벌이 수단에 노쇼방지라고 갖다붙인 느낌이네요 수단에 왜 계좌로 충전결제방식 하나인건지 그리고 결제를 다른사람이 할 수도 있는건데 그럼 폭탄은 계속 떨어지기만 할텐데 본인들 충전결제방식 이용하게끔 강제하는거고 이용안할경우에 폭탄 떨어지면 폭탄충전하라고 결제유도까지 하겠네요
5,순서 뒤로 미루기는 너무 편한데요.. 한가지 아쉬운점 : 페이지 들어가야만 대기몇명인지 보이는게 불편함.. 목록에서도 보이게 해주세요ㅠ.ㅠ
5,음식점 다닐때 검색해서 예약을 걸고 가고 있어요 클릭 몇번으로 바로 된다는게 큰 장점입니다~~
1,앞에 네팀이나 있고 도착 10분전이라 줄서기했는데 바로 입장하라니요. 코드입력 안하면 패널티라고 하고...줄섰다가 취소하는 과정을 번복시킵니다. 매장 상황이랑 잘 안맞는거 같네요. 불편합니다.
5,앱으로 예약 포장주문 원결 줄서기까지 너무 편리한 앱이에요 결제도 쉽게 할 수 있고 매우 편리하네요
3,검색기능 좀 바꿔주세요. 장만옥을 검색하면 장 들어가는 식당.만 들어가는 식당.옥 들어가는 식당 다나와서 너무 불편해요. 그리고 리뷰순으로 정렬되는게 있으면 좋겠어요.
5,데이트할때 많이 사용해요~ 장거리 커플이라 줄서는데 시간버리기 아까워서 대기 걸어놓고 근처 카페라도 들어가서 시간 알차게 보내고 밥 먹으러 가요! 저처럼 장거리커플이신분들한테는 진짜 유용한 어플인듯요!
5,"여행 다니면서 대기하는 시간이 제일 아까웠는데, 특히 여행 할때요. 이 어플로 먼저 대기 걸 수 있어서 대기시간 많이 아꼈어요. 추천합니다."
5,원격줄서기 너무 편합니다 앱 덕분에 매우 편리하게 맛집들을 다니고 있어요 좋아요 여러가지로 만족하면서 이용중입니다 ‍
1,아니 업데이트를 무슨 수시로하세요 예약하려고들어갓다가 뭐 계좌 등록하라등록하라해서 기회또놓쳣네요.. 결제는 거기가게가서 하는건데 뭔 계좌를 입력하래요..하...
4,테이블링 사용하는 매장이 점점 많아져서 이제는 다운안받을수가 없더라구여!! 그런데 잘 사용하고 있어요!! 아주 편리합니다~
1,돈벌려고 하는건 이해함. 근데 업데이트 후 회원가입 통장인증 통신사인증 새로 미리하라고 알림 하나만 강제로 띄워줘도 화 안 냈을거임. 미리 준비하면 되니까. 시이팔 가게 오픈시간 맞춰서 원격줄서기 누르니까 그때서야 가입하고 이거저거 인증하고 등록하라고? 지금 장난침??? 평소같으면 00페이 이딴거 계좌 연동도 안 하는데 진짜 당장 줄서려고 가입은 했음. 근데 그 새 줄을 못서게 됐잖아? 기대하던 점심시간 기분 아주 제대로 망침. 체크페이인지 뭔지 대안 나오면 바로 탈퇴한다. 아니 그냥 반차쓰고 사람 없을때 먹는다.
1,"테이블링페이라니.. 줄서는데도 돈내야되네요; 차라리 광고를 넣어서 광고비를 받지,, 이용자들이 많았던 이유를 모르시는듯 다떨어져나갈거같아요"
1,가장 중요한 입장 알람이 안왔음 내 순서 확인하기 누르니까 테이블링 완료라고 떠서 매장에 문의하니 실수로 지나간거 같다고 바로 식사하게 해주셨는데 다른분들도 그랬나봄. 식사끝나고 나올때 일일이 전화해서 입장확인하고 계시더라능
1,가입 보안 문자부터 막힘. 내가 오류가 아니라 앱 자체가 오류 투성임. 쉬지말고 연구하시길 바랍니다. 어이무ㅎ
5,포장 주문 맛집 예약 원격줄서기 결제까지 모든게 앱 하나로 가능해서 매우 편해요!맛있는 맛집들 많네요
1,앱을 다운받을 필요가 없음 현장줄서기에 번호 입력해도 앱이랑 연동 안돼서 어차피 앱말고 카톡들어가서 봐야함. 그리고 앱에서 원격줄서기하려면 정말 번거로움
1,종종 잘 사용했는데 갑자기 계좌 입력을 안하면 못쓰게 해놨네요. 왜 이렇게 하는건지 정말 불합리적이고 불편합니다. 앞으로 안쓸거 같아요.
5,앱으로 맛집을 즉시 예약할 수 있고 메뉴까지 미리 고를 수 있어서 좋습니다 자주 이용하고 있는 앱이에요
5,성수 놀러갔을때 매장에서 등록하는거 보고 완전 편하다고 생각했는데 폰으로도 되는줄 뒤늦게 알았네여~ㅎㅎ 미리 알았으면 폰으로 하고가는건데! 앞으로 잘 쓸게여~ㅎㅎ
1,"솔직히 연돈때문에 깔았는데 3일내내 실패하면서 3일내내 에러 케이스가 다름. 처음에는 예약하기 누르면 요청이 많다고 뜨더니, 둘째날은 그나마 정상 오늘은 to many connection 이라는 사용자 ux 전혀 고려안된 이런 메시지만 나옴 이게 b2b b2g어플도 아니고 b2c인데 이렇게 전문 업체에서 이렇게 qc없이 나온어플은 너무한듯 앱개발자는 아니지만 개발자로서 너무하단 생각이 들어서 연돈아니면 안쓸듯"
2,2팀이상 대기해야 원격줄서기 하는거 너무 불편하네여 1팀이라도 대기하면 원격줄서기 해줄수 있게 해줬으면 좋겠네여
1,진짜 시스템 요상하네요ㅋㅋㅋ 이렇게 페이 유도하는 어플은 또 오랜만인듯. 차라리 예약금을 받는거면 모를까. 그냥 기본 제공되는거 다 쓰면 탈퇴하고 다신 안쓸듯.
2,"잘 쓰다가.. 오늘 어플 들어갔더니 무슨 계좌 연결해야지 원격줄서기 가능하다길래, 계좌 연결하러 갔더니 성별이 남자가 아니라 여자라서 바꿔야되는데 바뀌지도 않고, 원격줄서기 하나 하려고 계좌 연결을 해야하는지 뭔 되도 않는 시스템을 귀찮게 추가해서"
1,언제부터 돈 내야하는 시스템 되었는지 모르겠다.. 등록하려는데 인증번호 같은게 전화 와서 당황했다..청각장애인에게는 어떻게 듣으라는건지.. 정말 매너가 부족하고 아쉽다.
5,앱으로 편하게 예약하고 원격줄서기 쓰고 있어요 웬만한 맛집들 많이 사용중이라 편리함이 있음 이용법도 간편해서 좋음
1,원래 페이 등록 안해도 쓸 수 있었는데 갑자기 뭔 페이가 생겨서 등록 어거지로 시키고 개열받아요. 그냥 테이블링 써야되는 곳을 안가고 싶을지경임.
5,몇 년 전에 써보고 잊고 살고있었는데 이번에 부산여행하면서 다시 깔았습니다. 예약이랑 대기 가능한 매장이 엄청 많이 늘었네요~ 덕분에 여행 즐겁게 했어요^.^
1,예약 어플인데 00분에 딱 접속해도 접속자가 많아서 대기하라고 하면 도대체 누가 예약해서 가는겁니까ㅋㅋ무선인터넷 제일 빠른 지역..? 그리고 동일한 컴플레인에 몇일째 로보트처럼 똑같은 답글 다실거면 그냥 달지마세요;; 이쯤되면 담당부서가 없는거 아닌가요
5,"여기는 무슨 맛없는 곳이 없네,,, 광고? 매장도 없는 것 같고 리뷰도 볼 수 있으니까 그거 참고해서 맛집 다니고 있음, 매장이 워낙 많다보니 선택지가 많아서 편리함!!!"
1,이건 그냥 연돈 전용 웨이팅어플입니다. 웨이팅도 안되는 수십개 가게들은 왜 리스트에 있는건지 모르겠네요. 눌러봤자 줄서기가능한 가게 못찾고 헷갈리기만 함. 최악인건 제주갔을때 연돈 예약하려고 앱깐 다음 8시기다리다가 번개처럼 줄서기 누르니까 본인인증 창이 떠서 실패. 그것도 8시 예약폭발인지 렉걸리고 인증도 실패. 즉 첫가입자가 연돈 예약 성공 하려면 다른가게 가짜로 예약 시도해서 본인인증 처리해야 비벼볼만하단 얘기입니다. 본인 인증은 가입할때 해야지 . 속도가 중요한 예약 화면에서 약올리듯 뜨는게 말이됩니까.. 제일 중요한 기능들이 최악인 어플
2,지도기능을 만들어서 목적지의 테이블링 가능식당 및 대기팀 표시가 되어있으면 편할텐데 일일히 검색하고 들어가야되서 엄청불편하네요
4,코시국에 정말 편한 어플. 외식을 아예 안할 순 없으니 이왕 외식하는거 맛집 찾아가면 사람 부대끼면서 대기해야 하는게 정말 불안했는데. 테이블링으로 원격줄서기 대기 거니까 사람간의 접촉이 적어서 좋네요
5,요즘같은 시국에 참 좋은 앱이네요. 원격 줄서기 하면 타인과 접촉을 줄일 수 있는게 가장 좋은 점 같습니다. 번창하세요.
5,앱으로 쉽게 예약을 할 수 있고 손님이 많아서 기다리지않게 대신 줄서기 기능도 너무 잘 쓰고 있어요
5,이 시국에 줄서서 있는것도 걱정인데 원격으로 대기 걸어놓고 산책을 하든 카페에 들어가서 있다가 톡오면 출발하면 되니까 너무 편리하고 좋네요!
1,원격 줄서기 메뉴가 S10e에서는 아예 잘려서 버튼자체가 나오지 않음. UI 검수를 잘했으면 합니다
1,별 한개도 아깝습니다.. 예약하려고 들어가니까 서버 터져서 접속도 안되고 서버관리가 안되도 너무안되네요
1,테이블링 앱 서비스의 근본인 테이블링 시스템이 엉망이 됨. 간편결제 도입을 위한 업데이트라고하지만 사용성이 매우낮아짐
3,지역을 추가해줬으면 좋을거 같아요. 그러면 이름을 몰라도 지역 내에 있는 맛집들을 찾아서 예약할 수 있으니까요!!
5,계속해서 서비스 개선하려는게 느껴져서 좋아요 안좋은 점은 보완되고 좋은 서비스를 더 편리하게 이용할 수 있게 되었네요. 늘 감사합니다.
1,줄서기 한번하는데 sns연동 비밀번호 설정 핸드폰 인증 계좌인증이랑 자동이체 연결이 도대체 왜필요합니까? ㅋㅋㅋ 제 개인정보 다 챙겨다가 어디다 쓰시려는지 모르겠네요
3,주변에 맛집 찾을수있는 기능이 있으면 좋겠네요... 검색으로 지역명-> 가까운곳 찾기해도 누락된곳도 많은것 같구요...
1,기본충전도 왜 5만원에 설정 해놓으시나요 최소가3만이면 3만을 기본으로 설정해야지 다시 인출하면 2일이나 걸리고 취소도 안되고 아 짜증
1,연돈 예약하려고 들어갔는데 업데이트하래서 헐레벌떡 업데이트했더니 무슨 페이등록하래서 마음은 급한데 그거등록도 오래걸림...하 ㅋㅋㅋ등록하니 이미 예약 끝남. 보니까 20일부터 업데이트+페이등록 필수로 바꼈더라구요? 20일 전에 미리 어플깐 내 잘못이지...
1,연돈예약하는데 메뉴가 바로 안떠서 선택이 늦어져서 예약실패했네요 메뉴가 바로바로 떠서 예약 실패할 일 없게 했으면 좋겠네요
4,"어디 핫플갈때는 요즘 이 어플 필수인듯,, 왠만한 핫하다고 소문난 매장들은 다 사용해서 사용을 안할수가 없음,, 그런데 쓰다보면 참 편하고 좋음!"
3,예약할 때 무난하게 잘 쓰는 앱입니다.. 코로나 때문에 거의 외식을 못하지만.. 줄서는 곳은 계속 줄 많더라고요
5,핸드폰으로 원격줄서기하는거 진짜 자주 쓰고있어요~ 아직 열리기 전이지만 포장 주문도 되면 사이렌오더처럼 미리 주문하고 찾으러갈수있겠네요~
1,회원가입부터 원격줄서기까지 도대체 왜이렇게 과정이 복잡한건지.. 폭탄시스템도 생기고 테이블링 다시는 안씁니다
1,오랜만에 쓰려니 페이 강제가입도 짜증나는데 그것도 자바오류에 메일주소입력 안내 무한로딩이네요. 요즘세상에도 어플오류라니.. 관리참ㅋ
3,"무인대기? 좋습니다. 다 좋은데 절차가 너무 복잡합니다. 회원가입, 인증, 계좌등록... 진짜 너무 복잡하고 귀찮았습니다."
1,검색창에 양천구 목동 이라고 검색했는데 노량진이나 완전 다른동네는 도대체 검색결과에 왜나오는건가요... 검색 예시에 지역이 있는 의미가 없음
1,업데이트 롤백안하고 사과문 안띄우면 올해안에 이 어플 망하고 대체재 생김. 이런 방식으로 업데이트하는 운영진이 있으니 이미 망하고 있는듯.
1,대기예약 눌러도 확인도 안되고 인원 선택 전혀안뜸 . 리뷰보니 아래부분이 잘리는모양인데 다시깔아도 불가능.
5,클릭 몇번으로 예약을 할 수 있고 좋음~특정 시간대에는 할인 금액으로 결제도 가능해서 좋음~
1,가입한적도 없는데 웨이팅 메세지가 옵니다 가입해서 탈퇴하려고 하니 개인인증 화면에서 멈춰 진행이 안됨. 어찌어찌 탈퇴.
2,앱 출시 전 QA 테스트를 제대로 진행하지 않은 거 같아요. 계좌 가입 및 등록하는데 계속해서 다양한 버그들이 발생해요
5,전에 대기순서를 간발의 차로 놓쳐서 못 들어갔던 적이 있는데 물론 제 실수지만 너무 허무했거든요 이제 드디어 순서미루기가 성공했네요
5,예전에 내위치 주변에 있는 맛집이 보여지면 좋을것 같다고 의견 보낸적 있는데 반영된것같아서 신기하고 기분좋네요ㅋㅋㅋ 잘쓸게요 번창하세요~🌻🌻🌻
5,실제 방문자들만 쓸 수 있는 리뷰들로 맛집 찾기도 쉽고 예약이나 원격줄서기로 바로 음식점 입장이 가능해서 좋습니다
1,서버 좀 늘려요;; 누르자마자 완료 되게끔 해줘야지 무슨 확률형이냐고;; 선착순이면 선착순답게 누르자마자 끝나야 하는건데 뭘 붙잡고 계속 눌러야하는건지;; 좀 역겹네요
1,"별로임. 가입 후 원격 줄서기 시간 맞춰 들어갔는데, 인증 절차와 오픈뱅킹등 왜 이제서야 인증하라고 뜨도록 만들었는지. 제대로 좀 만드세요."
2,가입하고 페이도 등록해야되고 번거로운게 많네요. 요즘 가입한 어플중 가장 귀찮고 과정이 길고 별로였습니다
2,인증이 너무 많아요.. 가입할때 뭐만 하면 자꾸 핸드폰 인증하라고하고 대기하려면 무슨 페이 가입해야한다고하고 페이가입하니까 계좌 등록해야하고 은행 어플 켜서 입금내역 숫자 확인해서 등록하니까 ARS 인증 해야한다고하고.. 어찌저찌 다 끝나고 대기누르고 완료된줄알았는데 내역보니까 대기확정?이라는게 있어서 봤더니 가게로 가서 기계에 써져있는 번호를 입력해줘야 완료가 되는거라고 하고.. 그럴거면 어플깔아서 그 난리 안치고 직접가서 번호표 뽑고 기다렸죠.. 지하철 다 와갈때쯤 미리 대기 눌러놓고 천천히 가려고 했던 건데 취소될까봐 지하철 내리자마자 허겁지겁 가게로 갔네요.. 편하려고 어플쓰는건데 이렇게 번거로울거면 왜 쓰나 싶어서 삭제합니다..
4,앱의 취지는 좋습니다. 하지만 지역명으로 검색할때 포항이면 포항매장만 뜨면 좋을텐데 엉뚱하게 서울매장도 같이 뜨네요! 이 부분만 수정해 주시면 좋을것 같습니다.
1,최악임 원격 줄서기 하는데 계좌 등록도 하고 페이도 등록해야하고 sns연동 가입해도 다시 재가입해야하고 이렇게 써봤자 보지도 않을거 같으니 다시 만들어라
5,여타 앱들과는 다르게 페이 탈퇴도 회원 탈퇴도 매우 쉽습니다. 다음에 또 필요할 때 부담없이 사용할 수 있을 것 같습니다.
2,"원격 줄서기, 참 좋은 아이디어이긴 한데 지역이 너무 제한되어있네요. 사용할 수 없으니 삭제합니다."
5,업댓했더니 앱이 많이 바꼈네요ㅋ 계좌를 등록해야해서 처음에 번거롭긴 한데 줄서기 편리해서 잘쓸듯합니다
5,평소에 자주 가던 레스토랑들에서 테이블링 보고 어플이 있다는 걸 알게 됐어요! 자주 가던 레스토랑들이 다 있어서 너무 편해요!! 진짜 최고!
4,좋아요~! 맛집 투어 다닐 때 테이블링 어플 참고해서 가고 있어용ㅋㅋ 맛집 진짜 많음 주의ㅋㅋㅋㅋㅋ
5,요즘 저에게 필수앱이 됐어요 이제는 맛집들 다닐때 꼭 쓰고 있어요 특히 원격줄서기 기능이 너무 좋습니다
1,뭔 페이등록안하면 줄서기도 안되고 원격줄서기도 페이안쓰면 나중엔 횟수 차감으로 할수도없고 편하려고 설치하는앱이 오히려 뭔가를 더 지치게 만드네
1,설치해놓고 2~3일안쓰면 앱 안쓰면 열리지도 않음... 이용하려는 가게가 테이블링이라서 쓰지 그것만 아니여도 진즉 지웠음 몇번째 삭제후 재설친지 너무 극혐임
1,카카오로 로그인하기 했는데 아이디랑 비번새로만들어서 가입도 따로 해야되고 휴대폰인증도 받음. 거기까진 참아줄랬는데 앱 이용하려면 테이블링페이 라는 서비스 계좌정보 등록하고 또 가입해야됨. 열받아서 지우고 포잉이랑 캐치테이블로 갑니다^^
1,줄서기하는데 무슨 개인정보를 이렇게 많이 필요로 하는지... 페이 강제 가입하는것도 왜 필요한지 모르겠고 보안이 잘되어 있는지도 의심스럽네요.
1,정말 최악의 앱임 휴대폰 본인 인증만 하려고 하면 계속 오류가 발생함 인증도 안되는 어플로 뭘 하라는건지 모르겠음
3,"앱으로 원격줄서기를 할수 있으니 그점은 굉장히 편한건 사실이었는데요! 폭탄 3개 순서미루기 2개 이런식으로 폭탄이 쓰이는것까지도 유료 어플 처럼 필요하다면 이해는 갑니다만, 이 폭탄을 모으는 경로가 첫 휴대폰 인증 + 계좌인증 외 에는 테이블링 페이를 이용해 결제했을때만 가능한점이 이해가 되지않습니다 그렇다고 줄서기한 매장에서 테이블링 페이로 자동결제라던지 직접 매장에서 페이로 따로 결제 할수도 없던데요 카드나 현금 받으신다고... 그렇게되면 첫 인증했던 폭탄을 다 쓰고나면 어떻게 폭탄을 채울지 의문입니다 사실 가서 1-2시간 기다릴거 원격으로 하고 10분 정도만에 들어갈수있다면 테이블링 페이든 폭탄이든 괜찮다고 생각하는데 저런식이면 폭탄이 아예 없어지면 줄서기도 못하고 폭탄을 충전하는 비용이 차라리 따로 있던가 하는게 나은게 아닐지요 제가 잘못 알고 있는게 있다면 답변으로 알려주시고 테이블링 페이 및 폭탄 충전에 관해서 제대로 바로잡아 주시기 바랍니다"
1,아무리 돈이 좋다곤 하지만ㅋ 난 가서 조금 더 기다릴란다ㅋㅋ 폭탄이 터지긴 터지겠네요~ 앱도 수익화모델을 짠 담당자도 펑펑~터지겠어요.
1,최악 가입하는데 sns연동해도 또 아이디 만드는 가입절차 거쳐야되고ㅋ 원격 줄서기도 테이블링 페이 강제 이것저것 인증하는 사이 이게 맞는지 의문이 드는데요ㅋㅋㅋ
1,줄서기불가라는데 실시간확인도안되고 ..... 참 ..나 이 웹을 사용해야하는 이유를 정말정말 모르겠네요
5,매장측 실수로 노쇼처리가 됐는데 문의했더니 친절하게 복구해줘서 좋았습니다. 매장쪽에서 좀더 방법을 숙지해주면 좋겠다는..
5,이 어플 사용하고 나선 자주가는 맛집가도 많이 안 기다리고 이용할 수 있어서 너무 만족하는데요 원격줄서기 하기전에 몇팀 남았는지 알려줬으면 하네요
1,앱업데이트는 왜이렇게 자주하고 페이는 예약에 지장도안주면서 왜 등록하라하는지 ^^ 덕분에 업데이트하고 페이등록 오류 오지게떠서 첫데이트 망쳤네요
1,시스템이 완전 이해할 수 없게 바뀌었습니다. 줄서기 위한 앱에 왜 결제시스템이 들어갑니까? 앱의 역할이 뭔지 본분을 망각했습니다.
4,"연돈이 이걸로 예약받는다고 해서 깔았는데 경쟁률이 높아서 아직은 못 먹어본게 아쉽네요,, 그래도 다른 맛집들 테이블링으로 편하게 다니고 있습니다~! 흥하세요!!!"
5,줄서도 못먹는다는 연돈을 드디어ㅠㅠ 예약하고 편하게 먹네요!!!! 다른 맛집도 많아서 너무 좋아요!!!!
5,엄마가 친구들이랑 지방 여행가신다고 해서 맛집 추천해드리면서 어플 사용법 알려줬더니 사용해보셨네욬ㅋㅋㅋㅋ 너무 좋았답니다!!
4,근처 맛집 찾아보기 귀찮을때 이용하고 있슴다~~ 유명한 곳 많아서 좋고요... 지역 검색을 할수있어서 좋아요~^^
5,요즘 어디 가면 습관처럼 테이블링 켜서 맛집 찾아봐요! 너무 편리하고 좋네요!
5,원격줄서기 해놓고 늦게 도착할 것같으면 순서를 미룰 수 있는게 좋습니다 유용하게 사용하고 있어요
1,별점 보고 설치하세요. 왜 별점이 낮아진건지는 설치해보면 알게됨. 사용자들 등돌린 후면 늦는다는걸 모르는건가? 그냥 전화 예약이나 가서 대기자명단 작성하세요.
5,요새 젤 잘 사용중인 앱이에요 집 주변에 가까운 곳은 포장도 간편하게 시킬 수 있고 가끔 맛집탐방할때고 잘 사용중이에요
5,업뎃하니까 주변에 있는 식당들을 보여주네요. 예전부터 원했던 기능인데 한층 편리합니다.
1,"연돈라는 레스토랑 덕택에 앱 설치의 진입 장벽 낮추는것에 성공했지만, 오히려 역효과 인듯, 매크로질 막지 못하는것에 기분이 나빠지네요 투성이네요... 맛집 명성 똥칠하는것도 아니고... 난장판이네요."
1,진짜.뭣같으네 . 알아서 인원수대로 메뉴주는데 뭘 갖다붙여서 더 못먹게하냐. 서버나.제대로 해라
1,별 1개도 아까움 쓸데없는 절차 너무 많음 걍 예약 기능만 있으면 되는데 계좌까지 등록시키고 전화 인증도 해야함
5,배달비가 너무 많이 올라서 차라리 직접 가서 먹거나 포장을 하는데 테이플링 필수에요 집근처에는 포장 되는 가게가 아직 없어서 아쉽네요ㅜㅜ
3,메세지 출력 오류가 있네요. 제주도 밖에서 우동카덴 예약버튼 누르면 연돈예약은 제주내에서만 가능하다고 나와요. 가게이름 호출 변수값 잘못설정되어있나봐요
5,"나만 알고싶었던 맛집에도 어느순간 테이블링 들이셨더라구요~ 더 유명해지면 사람들 몰리겠지만,, 이제 원격으로 대기걸면 되니까 편리하긴 하겠어요!"
5,요즘엔 테이블링 안쓰는 맛집 찾기가 더 힘든것 같음. 너무 편하게 잘 사용하고 있음.
5,예약을 걸어놓고 맛있는 곳들 많이 다니고 있어요 웨이팅 걱정없이 다닐 수 있는게 너무 좋아요 굿굿
4,뭐먹을지 고민될 때 요 어플 자주 참고하고 있어영 맛집이 진짜 많아서 고르기 힘들지만.. (?)
1,앱도 거지같고 렉도 엄청걸리고 오류도 엄청많음... 왜 이런앱에다 예약시스템을 만들어놓은건지 ㅜ
5,여러 곳을 찾아가서 먹어 봤는데 테이블링에 있는 식당들은 맛들이 하나 같이 좋았어요 리뷰도 많아서 참고해서 선택하면 됨
4,어플이 예전보다 보기 편해졌어요 리뷰에 사진도 첨부할 수 있어서 밖에서 나가서 먹을 때 많은 도움이 됩니다
5,엄선 맛집들 정보도 많고 리뷰도 있고 메뉴 미리 주문하고 기다리지않게 줄서기해놓고 다녀오고 있어요 매우 유용해요
1,아니 원격 줄서기 하면뭐해요 오류나서 확인도안되는데 의미있음? 안정성 개판이네진짜
5,친구가 추천해서 알게됐어요! 그동안 테이블링 없었으면 맛집투어 진작에 관뒀을 것 같네욤 핫플레이스 가시는 분들은 필수입니다 이거ㅎㅎ
2,포잉 어플을쓰다가 다운받아봤는데 제가 예민한건지는 모르겠지만 앱디자인을바꿨으면좋겠어요 사진은 예쁜데 앱이 고급스러워보이지않아서 신뢰가 안감 또 이용할거같진않아요...
1,별 한개도 아깝다. 돈독이 오른게 확실하네요.. 음식금액 전체를 미리 페이로 결재하라고?? 수수료 장사 적당히 하세요;;;; 어플 삭제합니다.
4,저는 좋아용 예약 전화로하는거 싫어했는데 딱이에요 예약 바로 확인 안될까봐 걱정했는데 문제없이 잘먹고 왔어요
1,갑자기 테이블링페이를 써야만 이용이 가능하다고하니 그게 좀 불편하게 느껴져서 삭제하게되었습니다..
5,원래 오프라인에만 있는줄 알았는데 친구가 알려줘서 원격줄서기 사용해 봤는데 신세계네요
4,이런 기능이 있는지도 모르고 가게 앞에서 하루종일 기다렸었어요 테이블링 원격줄서기 쓰면서부터 완전 신세계. 정말 편합니다.
5,맛집들 예약도 편리하고 메뉴고르고 미리 주문도 가능해서 좋습니다 실제 이용자들의 리뷰도 참조가되어서 좋아요
1,"본인인증 화면에서 30분이상 못 넘어가는 어플, 이거 하다가 그냥 식당에 도착해서 가서 줄섰음"
1,이거 앱깔고 하루뒤에 보이스피싱 전화왔어요 우연의 일치일수있지만 개인정보 유출 무섭네요 진짜
5,잘쓰고있습니다!!!!~ 그런데 건의사항이 있습니다~ 내가 관심있는 매장의 대기가 오픈되면 알림이 오는 기능이 있으면 좋지 않을까요?
1,앱 사용하려면 본인인증을 핸드폰 번호로 하게끔 해놓고 인증하려면 뭐 무한대기네요. 2일째 그러네요. 어플 만드시는 분이 만드신거 맞나요? 지난주에 코딩배우신분이 만드셨나요?
1,원격줄서기 이용하려면 회원가입부터 계좌등록 페이등록을 거쳐야하는게 너무 불편하네요 강제성으로 밖에 안보입니다
5,원격 줄서기 기능으로 다 알려주고 시간 낭비 안 하네요 밥집도 많고ㅋㅋ
4,제주도 여행갈때 연돈가려고 깔았어요! 제주도에도 많은 매장이 있어서 여행 내내 애용했네욥! 아주 좋아욥!
5,많은 맛집들이 테이블링을 사용하더라고요 테이블링으로 원결줄서기 걸어놓고 찾아가서 대기시간없이 먹을 수 있어서 좋습니다
1,원격줄서기하려고 회원가입하라는대로 다했더니 테이블링페이 가입해야 가능이라함 장난치는것도 아니고 다신이용안함 개불편
1,앱후기 그대로 빵점짜리앱... 강제 페이가입시켜놓고 계좌인증 전화통화 후 앱 먹통이에요 ㅋ 쓸일있는데 그 단계에서 넘어가질 않고 되풀이어서 두번시도 두번실패 후 후기작성했습니다.
3,친구가 추천해줘서 깔아봤는데 아직 사용은 못했지만 원격줄서기 좋아보이내요 주말에 원격으로 이용해봐야겠어요
1,매우 기분나쁘네요 안내 제대로 하저도 않고 몇군데 이용하려 깔았는데 할때마다 뭔가 요구 열받아 탈퇴하고 지움!
1,너무 불편..가입을 몇번해야..가능한건지.. 쓰레기 어플..휴대폰인증. 은행을 몇번 인증하는건지..
5,원격줄서기 편해요! 매장에서 등록했는데 폰으로도 되는줄 몰랐어요ㅠ 쫌 아쉽!!
1,예약접근이 쉽지않게되어있고앱설치해도 어디에서걸려도 걸리네요. 포기하는게 날것같앙요 식당에서 먹는게 이렇게 어려워서야 하늘에 별따기예요
5,"맛집은 가고싶고, 줄서기는 싫은 사람인데 이 어플만 있으면 줄 안서고 갈 수 있어서 좋음."
4,밥집은 정말 많은데 카페가 별로 없는 점이 아쉽지만 그래도 주말마다 넘넘 잘~ 쓰고 있습니다:D
5,맛집 대기시간이 길어서 잘 안갔는데 이거 원격줄서기로 등록하면 많이 안 기다려서 자주 쓰고 있어요
1,한개도아깝네요 예약 2주나했는데 항상 사용자가많아 다시시도하란말만뜨고 시간도 늦게뜨고 2주동안실패입니다
1,원격줄서기 하는데 계좌등록은 왜 해야되는거죠? 설명도 안해주고. 진짜 이상한 어플이네.
1,업데이트 할꺼도 없으면서 왜자꾸 업데이트하라고해요 필요할때 바로바로 사용못하게...불편해
1,거지같은 테이블링 페이 가입안하면 줄서기 못하게하고 가입하려니 가입도 튕겨대고 거지같이 바뀌었네
5,테이블링 예전부터 써왔는데 전보다 맛집이 엄청 늘어서 외식할때 많은 도움이 됩니다 :)
1,아니 테이블링페이 인증까지 햐도 화면이 안넘어가서 계속 다시하게 만드네요 이거 좀 해결하시죠
4,매장에서 보고 편리하고 좋은 어플 같아서 다운받았어요! 그런데 저희 지역은 검색이 안 되네요 ㅠㅠ 지방은 원격 서비스 언제 제공되나요??
1,카톡연동 되지도 않는데 왜 있는 기능인지 모르겠네요 식당 줄서기 하려고 깔았는데 약관동의만 하다가 10분정도걸리고 마감되서 그냥 다시 삭제하네요 원격줄서기 하는데 왜 은행 자동이체 까지 인증하고 동의 해야하는지.. 선약금 받는 식당도 아닌데
4,연돈 인스타에서 보고 설치했는데 운 좋게 예약까지 성공해서 맛있게 먹었음 다음에 또 사용할듯 너무 좋음.
1,아니.. 테이블링 잘쓰고있었는데 업데이트 하고나서 테이블페이최악악악...ㅜㅠ 리뷰 자체 처음 써보고 안좋은 소리 써본것도 처음이에요 ㅜㅠ
5,식당 예약할 때 항상 긴장했는데ㅋㅋ 폰으로 예약 대기 다 되니까 넘 편하네요
5,주변 사람들한테 추천하고 다닐 정도로 제가 원격줄서기 진짜 자주씁니다ㅎㅎㅎ 좋은 서비스 감사합니다ㅎㅎ
1,여행지와서 정말 기가차는 경험을 하게됨. 제발 이용하지마세요
5,"엄청 유명한 맛집은 대기시간이 어마어마하더라구요,, 그런 맛집 갈때 유용하게 사용하고 있습니다!"
5,"연돈은 가고싶지만 예전처럼 줄서는건 생각도 못했던 사람입니다 ㅠㅠ테이블링을 쓰다길래 드디어 나한테도 그나마 기회가 생겨서 기쁘지만 왜 다들 연티켓,,연티켓 하는지 알것같아요 ㅠㅠㅠ 예약잡기가 왤케 빡쎈지! 그래도 매일 도전해봅니다 ㅠㅠ"
1,한심한 앱 로그인이 필요하면 처음부터 가입을 받던가 앱깔아놓고 예약 급하게하려는데 그 순간에 가입하라고 뜨는건 머임? 애초에 메뉴를 막던가
4,다른 어플들은 맛집이라고 해놓고 처음 들어보는 곳도 많은데 테이블링은 진짜 맛집만 있는듯
1,갑자기 페이 등록 안하면 예약 못하게 바뀌고 인증 받으려니까 문자 발송도 안되고 ㄱㅐ 병ㅣ신 같네요 바로 삭제했다 ㅅㄱㄹ
4,맛집 허탕칠 일은 없어서 좋음. 음식점에서 필수적으로 다 테이블링 깔았으면 좋겠다.
1,서버는 감자에 전선꼽아 돌리는지 맨날 터지고 어플자체 호환도 끔찍해서 재설치 3번째네요 ^^7
4,예전부터 사용하는데 요즘 어플도 많이 이뻐지고 매장도 많아져서 너무 좋아요~~~
5,매장이 엄청 많이 늘어났네요! 사장님들 원격줄서기 많이 써주세요 넘넘편하고좋아요
5,식당 가는길에 대기 걸면 도착해서 별로 안기다리고 입장할 수 있어서 편해요 앞으로도 자주 쓸 것 같아요
5,원격대기 너무 편해서 유명한 맛집들 다 여기 들어왔으면 좋겠네여ㅠㅠㅠ 테이블링 계속 열일해주세요ㅠㅠㅠㅠ!!!
1,강제 업데이트 시켜서 했는데 아에 앱자체에 못들어감. 왜이렇게 만들었을까? 4일이나 지났는데 빠른 수정좀 하세요.
1,카카오 서비스로 가입한다니까 아이디를 새로만들게하고 테이블링페이도 등록해야하고...번거로움에 비해 필요성은 떨어지는 앱입니다.
1,고객 업체 모두다 불편하기 짝이없음 도대체 왜 업데이트를 해서 사용이 더 불편해지고 복잡해지고 낳아진게 하나도없고 더 불편해짐 짜증납니다 사용하기
5,"원격으로 미리 대기 인원 수 보고, 줄서기까지 가능하니 너무 편리해요:)"
2,인증 후 충전계좌등록했는데 계속 등록하라고 뜨네요 너무 불편합니다
4,맨날 실패하다가 겨우겨우 연동 예약 성공했어요 아직 먹진 않았지만ㅎ 테이블링 어플 깐 보람이 있습니다^^
5,테이블링 예약서비스 편리해서 좋아요! 앞으로도 잘쓰겠습니다ㅎ
1,이앱 정말 별로입니다 예약하려니까 사용자 많다고 안들어가지고 진짜 최악입니다 서버관리늘 어떻게하면 이러는지 정말궁금하군요 진짜 최악입니다
5,웨이팅 맛집을 찾아가서 기다림없이 바로 먹을 수 있는 점이 너무 좋아요 이런 앱이 나와줘서 고맙네요
1,인증에 인증에 페이에서 손절 회원탈퇴 바로 신청했음. 이런앱은 또 첨보네요. 먹으려했던 가게 이거 가입하다 안가기로 했어욤
5,서울맛집만 많을줄 알았는데 의외로 울동네 맛집도 있어서 깜놀ㅋㅋ 줄서기 최곱니다😎^^
1,줄서기 하고 3천원 결제했는데 막상 매장 도착하니 서버 문제로 줄서기 접수가 안되었다고 하고 환불도 안되니 테이블링에 전화하라고 하네요 전화했더니 주말이라 전화안되서 환불도 안되고 사전결제 받는 앱이 너무 책임값없네요 최악입니다 여행 첫날 저녁을 망쳤어요
5,외국에 살았어서 오픈테이블 많이 썼는데 비슷한 어플이 한국에도 있네요ㅋㅋ
1,무슨 계좌하나등록하기가 이래어려운지ㅡㅡ 쓰고싶어도 쓸수가없네요 그다음 넘어가지가않아요
1,굳이 충전까지하면서 ..?
1,왜 자꾸 광고가 뜨나요.앱도 안깔았는데 다른앱 검사하는데 화면 전체에 떠서 시야를 가리니 스트레스 받습니다.광고 안뜨게 도와주세요🥺
1,원격줄서기와 예약시스템의 차이가 뭐죠? ㅋㅋㅋㅋㅋㅋㅋㅋㅋㅋㅋㅋㅋㅋㅋㅋㅋㅋ 제대로 어플을 사용못한 저의 책임도 있지만 예약불가매장 옆에 원격줄서기? 뭔 ㅋㅋㅋㅋㅋㅋㅋㅋㅋㅋㅋㅋ 본인들이 생각해도 안웃기나요ㅋㅋㅋ
5,아직 간편결제가 완전하다고는 못하겠지만 다양한 시도 하시네요 점점편리해지는것 같고요ㅋ 응원함다ㅋ
5,"웨이팅 필수인 맛집, 어플로 간편하게 다녀왔어요~ 자주 이용할것 같네요~ ㅎ"
1,테이블링 페이와 폭탄 어저구저쩌구에 탈퇴합니다. 조금 잘되면 쓸데없는 짓을 해서 실망 대실망하고 나갑니다.
4,지역별로 분류해서 어느집이 유명하고 사람들에게 인기있는지 알수있게하면 더 좋을것같습니다.
4,식당 예약할 땐 정말 좋아요. 원격줄서기도 더 많아졌으면 해요.
5,너무 맛있고 친절 해서 좋았어요
5,점심시간에 뭐먹을지 고민될때 습관처럼 켜봄ㅋㅋㅋ 근처식당 뭐있는지도 볼수있고 웨이팅도걸수있어서 시간많이아낍니다.
5,진짜 맛집만 있어서 믿을만하네요~ 지금까지 간 맛집 다 성공적이랍니다ㅋㅋ 이제 밖에서 밥 먹을 땐 이거 항상써요ㅋㅋ
1,"망하기를 자처한것 같네요. 업주 입장에서도 무료였던 프로그램을 매월 10만원 가까이 비용을 지불하라고 하고, 고객들에게 원격 줄서기 또한 유료화 시키더니.. 그 이상의 가치가 없어 저흰 이 앱을 떠납니다. 여기가 아니면 안될 이유도 없는데, 너무 수익부분에만 초점을 맞춰. 찐 고객들이 이탈하는겁니다."
4,급하게 식당 예약할 때 편리해요 이걸로 바로 예약되니 전화로 안해도 되겠어요
1,한거면 미리 결제 안하면 예약 못하게 해주세요. 이거 뭐 당근에 예약 되팔이도 있는데 제재를 안 하시나요? 이러면 되팔이는 계속 될듯 합니다.
4,자주 이용하고 있어요~ 전국 핫플 맛집에는 다 테이블링이 있는거같아요!
4,이정도면 꽤 좋은 어플! 일단 줄서지 않게 하겠다는 취지가 이시국에 돋보임!
2,주변 식당 찾기가 너무 불편함 어플에서 식당을 찾아보기가 힘드니 식당을 찾아서 어플에서 예약을 해야되는듯한 시스템임 저녁먹으려고 어플에서 찾아보려고 지역으로 검색하면 몇개 안나오고 200키로 300키로 떨어진 식당만 나옴 지방이라서 그런건지 이해가 안됨
1,폭탄 충전방법이 테이블링페이 결제밖에 없는데 지금까지 이용한 식당들은 테이블링페이 결제가 안된다네요 개선좀 해주세요
1,이용방법 안내가 좀 더 되어야 할 것 같습니다. 코드번호입력이 뭔지도 모르시는 분들이 많네요.
5,강추합니당!! 원격줄서기 한번쓰면 테이블링에 없는 가게는 이제 못갈거같아요ㅠㅠ 오랫동안 기다릴 자신이 읍다요
3,맛집 업데이트 많이돼서 좋음! 밖에서 밥 먹을때 맛집 참고하면 좋을듯여!!
5,청와옥 항상 줄이 많았는데 편하게 이용했어요 주차하느라 내순서 좀 늦었는데 다행히 이해해주셔서 잘 먹고 왔네요
3,밑에도 써있던데 카톡으로 가입하기해도 카톡아디비번 다 써야하고 기껏썼더니 다시 아이디비번 넣어서 가입해야됨... 그냥 첨부터 회원가입하라고하지 한시가 급해서 쓰는 어플인데 이게 무슨 헛짓거리인지. 화딱지나서 때려치려다가 겨우 가입함
5,너무 좋은데 많이 알려지지 않은듯해요 아는 사람이 얼마없고 테이블링 어플있는 것도 많이 몰라 주변분들께 알려주고 있어요~ 아직까지는 가게들도 활용이 미미해서 조금은 안타까워요~
4,가족끼리 외식할때 한번 사용해보고 편리하고 좋아서 그 뒤로도 계속 애용하고 있네요~
5,좀 유명한 맛집 방문하기 전에 습관처럼 켜봅니다ㅋㅋ 리뉴얼 후로 앱이 훨씬 편리해졌어요~
3,이제껏 왜 줄서서 기다렸는지 모르겠네요. 덕분에 웨이팅 안했어요. 원격줄서기는 앞으로도 종종 이용할 듯 싶어요.
1,회원 가입 하는게 너무 불편해요. 회원가입시 페이지가 잘 안 넘어가고 계좌 연동을 해야 하는 이유를 잘 모르겠어요.
1,무슨 원격줄서기 하나하는데도 계좌등록까지하고 자동이체 동의 Ars전화까지 받아야되냐. 사용자 편의는 개나줬나? 이딴걸 서비스라고 만들다니 정신차리고 개선해라
3,이 어플로 원격대기걸면 직장인 점심시간도 맛집 충분히 갈수 있어요! 너무 좋네요 ㅎㅎ
1,원격 줄서기쓰려면 가입하라그러고 가입하면 페이등록하라그러고 페이등록하려면 계좌까지연결해야되고.. ㅎㅎ.. 뭐... 예.... 앱 만든 뽕은 뽑으셔야죠?ㅎㅎ
5,좋습니다. 미리 줄서기해서 코로나시대에 아주 유용한 어플입니다.
5,다른 맛집 어플은 광고 많아서 진짜 보기 싫은데 테이블링은 광고 없어서 좋음 진짜 유명 맛집만 있는 느낌
5,자주 이용하게 되네요ㅎㅎ 유명한 맛집들을 기다리는 시간이 있는 경우가 많은데 이런 앱이 꼭 필요했어요 기다림이 필요없는 앱‍
1,본인 인증화면에서 무한로딩중입니다. 왜이러죠? 2번이나 다시 설치하고 휴대폰응 껐다 켜도 안되네요
1,가입하래서 카카오로 가입하기 했더니 개인 정보만 빼먹고 유저 정보를 찾을 수 없다고 하면서 로그인 암됨.
3,"날씨 추울때나 여름철에 줄서게되면안좋을거같아요?시정부탁, 부대찌게는 맛 최고입니다,"
5,완전 초기?때부터 썼는데 업데이트 될수록 좋은 어플이에요!!ㅋㅋ 점점 식당도 늘어남
1,앱 업데이트 이후 바로 삭제했습니다. 페이가입에 충전에 강제사항이 너무 많네요.
5,근처 카페에서 기다리다가 카톡 알림 확인하고 들어가면 시간 절약도 되고 편하네요. 다음엔 예약도 써봐야겠어요!
1,"원격 줄서기를 하기 위해서는 본인인증을 하라고 하는데 본인인증 페이지로 넘어가지질 않네요,,,,,,"
1,중요한 순간에 자주 강제종료됨 업데이트 할때마다 안좋아지고 있음
1,테이블링페이를 등록하지 않으면 안되는 구조라 아예 삭제했습니다. 노쇼를 방지하기 위함이라면 예약시에만 등록하면 될텐데... 아쉽네요.
1,인증을 몇번을 해야되는건지 쓴 앱들중에 최악이였어요..계좌인증에.. 토큰에 진짜..
1,자동 프로그램 매크로 못잡으면 있으나 마나한 어플입니다 별 하나도 아깝네요
3,예약권 판매에 대해 법적 조치중이라는 답변을 받으니 앱 관리에 손을 놓고 있지는 않는구나 하고 기대감이 생기네요. 빠른 조치가 이루어져 가게도 이용자도 피해가 없어졌으면 좋겠어요. 많은 발전 이루어지길 기대합니다.
1,계좌등록하래서할려고하면 계죈인증후연락온다더니 오지도않는데 고객비수신으로 되버림 이딴걸 왜만들어놓음?별하나도 아깝다
5,제가 더위를 많이 타는편인데 어플로 예약하고 시원한 카페에서 기다리다가 먹을수있다는게 너무 좋네요
1,연돈 때문에 가입 하긴했는데 연돈 예약 꽉차서 바로 지움. 요즘 네이버 페이니 카카오페이 삼성페이 얼마나 많은데 카드도 안되고 무조건 특정페이 가입을 해야 되고.. 불편해요
1,테이블링 페이 비번 등록 안돼요. 몇번을 시도해도 안돼요. 지우고 다시 설치해도 안돼요.
5,제주도에서 유용하게 썼어요 다른 지역 맛집도 많이 등록됐으면 좋겠어요
1,처음 사용하는거였는데 기다렸다가 시간 땡하고 줄서기 눌렀더니 그때부터 본인확인 계좌등록 ARS까지.....진심 욕 튀어나왔네요 그사이 당연히 대기마감됐구요ㅡㅡ
5,이제 주말에도 기다리는 시간 낭비안해서 좋아욥!! 진작에 알았으면 좋았을텐데.. 지금 매우 만족하면서 쓰고 있습니다아! ㅎㅎ
5,감사히 잘 쓰고 있는 어플입니다. 뭐먹을지 모르겠을 때 습관적으로 이 앱 켜요
1,....이게 이런 앱이 될줄은 정말 생각도 못했음 개인정보 열람을 몇번하고 페이계좌까지 등록하길래 그래 어디 어떤 서비스로 바뀌었길래 그렇게까지 하나보자 했음. 결국은 내가 원격으로 줄서주니까 나한테 돈(폭탄)내~ 였음. 오늘 쓰고 내일 회원 탈퇴할 예정. 내 개인정보 꼭 다 없애주기 바람
4,지역검색이나 주변 맛집 보는 방법이 있으면 좋겠어요...
1,헉 내일 당장이용하려고 설치하고 가입했는데 리뷰보니 계좌등록을 안하면 가입시 받은 폭탄만으로 사용할수가없다네요ㄷㄷ바로 삭제할게욧!
1,"디지털 소외를 만들기 위한 어플, 납득이 안되는 원격 줄서기를 위한 페이 등록"
5,처음 가입하니깐 폭탄을 무료로 줘서 원격줄서기 할 수 있었어요. 앞으로도 쭉 사용할 듯.
5,"유명한 식당가려면 1,2시간 기다리는건 기본인데 테이블링 덕분에 시간낭비 안해서 좋았어요!"
5,테이블링 처음 나왔을 때부터 쭉 쓰고 있던 애용자에요 ㅎㅎ 업데이트 되면서 더 좋아졌어요
1,대기목록에 동일한 휴대폰 번호가 있다면서 원격줄서기가 안돼요.
5,놀러갈때 첨 써봤는데 좋은거같아요ㅎㅎ 밖에서 기다리는 시간을 줄일수있음!
1,한 번 이용하는데 인증해야하는 게 뭐 이리 많은지 모르겠고 횟수 제한 걸어 놓은 것 같은 운영도 맘에 안듬
1,위치기반 동의후 확인을 누르면 되는 프로세스인데 확인버튼이 전혀 눌리지 않음 모 이런 앱이 다 있음
3,요새 밖에 나가서 잘안먹지만 습관적으로 켜보고 있어요ㅋㅋㅋㅋㅋ 맛집 알아두기 좋아서리
5,가뜩이나 예민한 시기에 사람들 끼리 다닥 다닥 붙어서 줄서는거 싫은데 원격 줄서기하면 그럴 일 없어 좋아요~~
5,"원래 친구들이랑 맛집갈때는 번갈아가면서 줄서곤 했었는데, 이젠 다같이 어디 가서 구경하다가 가면되니까 너무 좋아요 ㅠㅠㅠㅠㅠ"
1,"진짜 내가 리뷰 첨써보는데 카카오톡도 안돼 페북도 안돼, 이메일로 가입할랬더니 전화번호 계좌 등등 모든 인증이란 인증은 다하고 계좌등록까지? 가입하는데 20분 넘게걸렸고 화딱지납니다."
4,좋은데 지역별로 테이블링 가능 매장이 보이면 좋겠어요
1,간편 로그인 하려니까 유저정보를 찾을 수 없다는 메시지만 나오네요. 왜 되지도 않는걸 왜 만들어 뒀는지 모르겠네요..
5,전에 원격줄서기 했을때 도착못할까봐 쫄렸는뎅ㅋㅋ 순서미루는거 생겨서 넘조아용!!!
1,sns연동으로 가입눌렀는데 새로 이메일부터 회원가입 새로해야되고 가입해서 줄서기하려니까 테이블링페이 필수로 가입해야되고 계좌등록해야되고 ㅋㅋ... 가입했다 바로 탈퇴했습니다. 안먹고말지
1,설마 평점 조작 하시는거 아니죠 불가 얼마전에 2점대였는데.. 초심으로 돌아가주세요 bm을 너무 잘 못 잡은거 같아요
5,한번 원격줄서기 경험하고 나면 줄서서 못먹는당..
1,폭탄 정말 최악의 과금 시스템이네요. 이미 업장에서 달마다 운영료를 받고 있는거 아닌가요? 폭탄응 차라리 돈을 받고 팔던가 충전도 최하 2만원단위 자동충전.. 사용성도 최악이네요. 식당 갈때마다 업주한테 예약업체 바꿔달라고 요구할겁니다.
2,가입하자마자 바로탈퇴하게 만드는 앱 테이블링페이도 가입해야 사용할 수 있어요
1,개 쓰레기앱. 로그인을 먼저 하게해야지 대기걸때나 하게 해놔서 개망했네
5,어디 여행갈때 필수! 이거 없으면 맛집 탐방 못해요 이제 ㅠㅠ
5,업데이트되면서 내위치 주변맛집을 볼수있어서 좋네요
5,코드입력하는거 아이디어 좋은듯? 대기만 걸고 노쇼하는 사람 걸러져서 회전율 올라감.
1,이런쓰레기앱을 왜 만든건가요? 페이로 갑질하고 인증하기도 쉽지도 않고 욕이 저절로 나오네요 후기 잘 안쓰는데 짜증나서 씁니다
3,연돈 예약하기 왜이렇게 어려운거죠ㅠㅠ 지인은 한번에 성공했다눈데ㅠㅠㅠㅠ 제주에 있는동안 계속 도전해서 꼭 먹을거에요 ㅠㅠㅠㅠ
1,"로그인이 안됨. 매일 똑같은 비번으로 들어가는데, 오늘따라 유독 안들어가짐."
1,업댓 이후로 너무 귀찮아져서 테이블링 쓰는 가게 안 가고 있다
5,요즘 진심 테이블링중독된듯👀👀ㅋㅋ 너무편함ㅋㅋ 이때까지 기다렸던시간이 아까움ㅋㅋㅋ
5,저는 버그 없이 어플 작동 잘 되구요. 업데이트 하면 다 잘 되네요.
4,친구덕에 이 어플 알게됐는데 주말에 놀러다닐 때 잘 쓰고 있어여 거의 여기 어플에 있는 매장만 가서 놀러갈 때 꼭 필요한... 맛집 더 넣어주세옇ㅎㅎ
2,"광주는 왜 없는거죠? 없다면 주변음식점보기나, 광주로도 검색할수있었으면 좋겠는데.. 아직 많이 미흡한거같네요"
3,내위치 켜두면 주변 맛집 알수있어서 편해여 어디 놀러갈때 자주 써여
1,위치기능 오류... 왜이래요 개선부탁드려요. 제주도인데.왜 다른앱은 인식하는데 이것만...
1,앱을 대학생 졸업작품 수준으로 만들었네 개불편함 계좌번호 붙여넣기는 왜안됨?? 전화 인증하면 다음으로 넘어가지도 않음
1,매장에 가는 중이라서 원격 줄서기를 이용하는건데 매장에 있는 확정번호 입력을 안하면 자동 취소라뇨... 그럼 이앱을 왜 사용하나요
5,줄 안서도 되고 시간별로 예약할 수 있어서 편함
5,리뷰에 사진이 있어서 많이 참고하며 사용하고 있어요 맛집 고를 때 참고하기 좋습니다
1,"아니 위약금이 필요하면 다른 결제수단을 하면 되는거지 무조건 테이블링 페이 등록하고 이용해야한다는게 말이 됩니까? 이건 끼워팔기랑 다를바 없는 불공정 거래죠, 페이가 유행하니 따라해보고 싶었나? 어플 조만간 망할듯"
1,버근지 뭔지는 모르겠네요. 왜 저만 예약이 안될까요?? 에러메세지도 없고 다른 사람은 예약 가능한데 저만 안되서 애꿏은 시간만 날렸네요.
1,테이블링페이 서비스 가입 버튼 눌러도 같은 화면입니다.
4,대기명단접수 후 알림톡에 내순서확인하기와 대기취소하기버튼 간격좀 띄워주세요 식겁했습니다
1,별점 하나도 아까운 어플 개발자가 누군지 돈들여서 만들었다는게 믿기지않을정도의 퀄리티 깔끔하기만하지 기능적으로 쓰레기어플
3,연돈예약도전하려고 깔았지만 아쉽게 못했네요 그래도 다른 맛집갈때 유용하게 사용했어요~~
1,지도 검색기능 없음 지역 검색후 가까운곳 설정시 엉뚱한 지역만 나옴
4,다 좋은데 딱한가지 포장하는 매장이 별로 없는게 아쉬움..
5,친구가 사용하길래 한번 따라서 깔아봄! 자주 애용할것같음ㅋㅋㅋㅋ
5,원격줄서기 안되는 매장도 있는건가요?!ㅠㅠ 다됐으면 좋겠어요 넘무 좋음ㅠㅠ
5,원격줄서기 정말 좋은듯ㅋㅋ 항상 잘 이용하고 있어요 ㅋㅋㅋ
1,인증하고 회원가입하려해도 이용하려하면 계좌인증하라는데 거기서부터 막힙니다. 이답도없는앱 쓰지도말고 깔지도마세요.
1,업데이트 ㅋㅋㅋㅋ기가 찬다...원격 줄서기 하려면 폭탄 필요 이러고 있네
4,지이인짜 잘쓰고 있어용~!~! 카페 웨이팅이 진짜 빡치는데ㅠ 카페도 많아졌으면 좋겠어용ㅎㅎ
1,원격줄서기 터치 후 인원설정란이 나오는 가게가 있고 안 나오는 가게가 있습니다 오류체크 부탁드려요
5,직접 안가도 미리 대기 걸 수 있어서 정말 편리해요! ㅎㅎ
5,적극추천합니다. 지속 발전하려고 노력하시는 모습이 좋네요.^^
4,어플 처음부터 썼는데 갈수록 매장 너무 많아져서 놀랬어요ㅋㅋ 어딜가나 있드라구요
5,전화예약이 아니라서 저같이 약간 전화울렁ㅇ증 있는 사람들한테 좋음.
5,원격줄서기 폰으로 되는 건 진짜 찐이다... 이런게 있는줄 몰랐음
5,앱이 더 깔끔해지고 맛집도 많이 늘어서 진짜쓰기 좋아요!
2,새로운 버젼으로 업데이트 하라면서 누르면 않넘어가네요
2,검색기능이 잘 안맞고 내 주변도 잘 안떠요
5,원격줄서기 경험이 너무 좋아서 계속 애용하고 있습니다
1,위치정보 허용몇번이나 눌렀는데 계속뜨네 ㄷㄷ 오류는 고칠생각이 없으세요?관리는 하세요? 진짜 앱 관리 안하네요;;
5,직원분들 친절하고 음식하나 하나 모두맛잇엇어요 뷰또한덤~~
1,새로바뀐 폭탄 시스템 이해가 안되네요 원격줄서기하고 시간맞춰들어갔는데 가게 키오스크로 주문하니 썼던 폭탄 못돌려받는 일이 생기네요
1,ㅎㅎ 이 앱에 등록돼 있음 뭐하노.. 줄서기가 안되는데 등록만 돼 있었음 대기줄 좀 편하게 해볼랬는데 이건 뭐 사기 맞은 느낌 내 데이터 돌리도.. 이 앱은 서울경기권에선 유용할지 몰라도 지방은 꽝이다 그냥 가서 줄서야 됨 업체 늘리기만 하지말고 줄서기 되는 업체만 올려라 짱난다
1,회원가입에 본인인증에 그렇다고 본인인증이 되는것도 아니고 문자인증 안됩니다 알뜰폰도 아닌데 왜 안되는지.. 엄청 버벅거리고 뭐 쓰라는건지 말라는건지
1,대부분이 제주 연*사용이신것같습니다.연돈 예약하기위해 저도 깔았고..근데 연돈 예약된걸 당근에서 2배가격에 판매되더라구요. 제주있는 4일내내 시도 했지만 안되서 웃돈주고 사서 먹었지만 씁쓸하더라구요.
5,사용전이지만 일단 이런 아이디어자체가 대박이라 별5개드립니다. 한국돌아가면 꼭 사용할거예요. 번창하세요!!!
1,업데이트 하고 들어가봤더니 테이블링페이로 돈 벌려고 원격줄서기 폭탄갯수 제한. 대기업들 흉내내기에 어플 이용자는 느닷없이 폭탄 맞은 기분... 네ㅇㅇ 예약이나 다른 유사 서비스가 있으니 그쪽으로 갈아탐.
5,테이블링 없으면 맛집 아님ㅋ 이제 외식할 때 테이블링에 있는 매장인지 확인부터 해요ㅋ
1,"이 앱 믿고 예약했다가 혹시나 해서 매장에 전화해보니까 예약안되어있어서 망신당할뻔 했어요. 뭐 공짜로 해주는거라 믿는사람이 바보겠지만 그래도 다른분들 낭패보지 말고, 앱서비스 하는 회사도 보완책을 마련하시라고 리뷰남겨요. 앞으로 다운받는 유저들은 더 발전된 사용자경험을 이용하시길 바래봅니다. 물론 저는 다시는 안쓸거지만."
1,아주 페이페이 아무나 다 페이같다붙이고 불편하기만하고 원격줄서기 대기 줄 반영은 안되고 최악의 어플
5,여행 가기 전에 미리 알았더라면 훨씬 편했을텐데 왜 이제서야 알았을까요ㅋㅋ
5,맛집갈때 원격으로 대기 걸면 진짜 편해요 =^^= 신세계..
1,자동이체 신청 선넘어 사용안합니다 그냥 전화로 예약할게요
1,도대체 가입을 몇번시키는지 ㅡㅡ 예약하려다 짜증나 죽는줄 알았네
5,미리 예약할수 있고 알림을 받을수있어 시간 절약하기 좋은것 같아요
4,점심시간에 식당 가면서 원격줄서기하면 시간절약되고 좋아요
5,줄서기 순서 미루는게 추가됐네여! 전에 늦을까봐 뛰어갔었는데 이번에는 미룰수 있어서 좋았습니다!
5,요즘 어딜가나 이런 시스템이 잘돼있어 편리합니다~^^ 나이 많으신분들은 좀 어려워할거같네요!^^ 부모님 모시고 가면 제가 항상 해드려요^^
1,계속 예약할때 쓰잘때기없는 알림 쳐올려서예약때 빡셈
5,원격줄서기 이렇게 좋은 서비스를 이제야 알았네요. 잘 사용하고 있습니다
4,이 어플 덕분에 요즘같은 시국에 옹기종기 모여서 웨이팅하지 않고 알림오면 입장할 수 있어서 좋아요.
5,서울 놀러갔을때 잘 썼는데 지방도 많아졌으면 좋겠어요(^^)💕ㅎㅎ
5,처음엔 원격줄서기 폭탄 어려웠지만 직접해보니까 강추 할 만합니다
1,심지어 태이블링페이 가입도 안되고 계속 튕겨요
4,원격으로 대기거는거 진짜 혁신ㅋㅋ 서비스 진짜 좋네요ㅋ
1,연돈 예약 과정이 복잡해졌습니다. 옛날처럼 바꿔주세요.
1,간편계좌 등록 계속 실패하고 완전 구림!!
1,테이블링페이 강제 사용도 어이없는데 가입도 에러나서 계속 안되네요
1,이게 말이됩니까? 연돈 먹을수 있으려면 기계보다 빠른사람만 가능한듯.. 매크로좀 막아주십숴
1,사용자불편최고 위치기반동의하라고하는데.. 설정이안됨..짜증유발
1,가입절차도 쓸 데 없이 길고 불편함 개발자 뭐함
1,앱접속불가... 너무자주 오류있음... 관리를하는건지.. 지금도 안됨... 앱 관리를 안하나봄
5,잘.쓰고있는 앱이에요~ 업데이트하니까. 보기편해져서.더좋네요~
5,UI도 깔끔하고 사용하기 쉽네요(^ㅡ^)
4,얼른 더더더더더더 많은 식당들이 더더더더 많은 지역에서 사용됐음조켔어요ㅠ
5,기다리지 않고 바로 입장해서 음식을 먹을 수 있다는게 좋네요 세상이 좋아져서 이런 앱도 생겼군요~최고에요
3,갤S10E 기종인데 원격줄서기 대기신청 버튼이 아래 가려져서 신청을 할수가 없네요 ㅜㅜ
1,가입하려해도ᆢ본인인증하려해도 휴대폰인증서 한없이 로딩ㅡㅡ 앱을 쓰라는거임 말라는거임?
1,설치했다 지웠습니다 계좌등록은 좀.... 그리고 툭하면 지혼자 꺼져요
2,로그인을 해놨는데 다음 날에 로그인이 안 돼서 하려는 가게를 못 했어요.. 마지막 기회였는데 너무 슬퍼요
1,계좌등록안됨 어플 사용이 안됨 계좌 ars인증까지 다해도 다음 절차로 넘어가질 않네요. 무쓸모 하네요
1,이런식으로 페이가입자를 늘리고 사용을 강요하도록 만드는건 좋은 선택이 아니라고 생각합니다.
1,회원가입하는데 계좌를 등록하라그러고 뭐가 이렇게 복잡해요? 넘 불편함 바로삭제
5,편리하고 실용적이에요. 맛집엔 딱입니다.
4,맛집 어플 중에서는 최고에요. 리뷰로 직원들의 친절도도 미리 볼 수 있어서 좋습니다
1,계좌등록해야 예약이되는데 가입하고 핸드폰인증하고 계좌등록하고 계좌인증 핸드폰인증해야돼고;; 카드로좀받아라 진짜 쓰레기인듯 다른 줄서기어플쓰는게 낫겠음
5,잘 쓰고 있습니다 얼른 식당이 많이 더 늘어났으면 좋겠네요
1,검색한 것 만 나와야 하는데 연관 없는게 너무 많이 나옴.
1,잘썼었는데 이제 안쓰련다 테이블링 필요한 가게도 이제 안가게될듯
1,가입한적도 없는데 갑자기 가입한것마냥 예약문자와서 별점 1점주러 왔어요
1,그냥 이용안하고 말지.. 테이블링 없어도 잘 먹고 다닙니다.
5,맛도좋고 양도많고 최고 의 식당 입니다 젊은분들이 친절하고 멋지세요♡
1,위치기반서비스 이용약관 동의로 옮겨놔도 저절로 자꾸 꺼져요 고로 연돈 예약 시도도 못하고 있다는 얘기죠. 이메일 문의도 보내놨습니다. 얼마나 빨리 해결해 주실지요?
1,폭탄 써서 미루기 기능썼는데 예약이 취소됐네요. 어이가 없어요
1,원격줄서기에 계좌등록이 필수라니.....이제 테이블링 안쓰는 곳만 가야겠다.
1,업데이트가 안돼서 재설치 하려는데 그것마저 안되네요...
2,가입하는자체가 번거로움. 그냥 연결만 시겨주면 좋겠음
5,웨이팅 극악이라 도전도 못하던 맛집이 있었는데 원격줄서기 덕분에 드뎌 먹어봤네욤~.~
1,제주도 온 김에 연돈 예약하려 앱을 깔았어요. 가입하고 위치정보 허락확인 메시지가 뜨기에 허락했죠.근데 계속 같은 창 뜨고 실행이 안되고. 혹 내가 뭐 실수했나 아님 앱이 잘못 깔려 오류났나 걱정되 지우고 다시 깔았더니 이젠 아예 로그인이 안되요! 비번 바꾸기라도해서 들어가려 했는데 이미 가입된 메일이라 가입안된단 메시지만 뜨고요. 로그인이 안되니 탈퇴도 불가능이고. 그래서 Qs란을 보려하니 곧 만들거란 거만 내용만 있고. 어제오늘 고객센터에 방법을 물으려 전화하니 상담시간 아니란 ai 멘트만 나오고. 이젠 화만 나네요. 즐거운 여행와서 뭐 이런. 문제해결 어째야 할 수 있죠? 문제해결 안된다면 탈퇴라도 시켜줘요.
1,개발을 발로했나봐요. Sns 인증하고 이메일 또 넣냐? 연동함 기본 제공이다 ㅡㅡ
5,잘 사용하고 있어요. UX 가 깔끔하고 개발 버그 없어요
1,제주도 연돈 예약하려고 즉시완료 누르고 본인인증 완료까지 했는데 다음으로 넘어가지 않고 계속 본인인증만 하라고 하는데 도대체 몇번이나 본인인증 해야 되는건가요? 제대로 좀 만드세요
5,아주 유용합니다. 적용하는 매장이 많아졌으면 좋겠네요.
1,정말 쓰레기 설치하다 열폭 페이도 다 됐다는데 다시 들어가니까 새로 시작하라하고 개판개판
1,감사합니다 번거로워진건 그렇다 치고 폭탄은 또 뭔가요 줄서는게 장난이에요?
1,앱 정말 쓸모없네요. 인기있는맛집 예악 절대못함. 왜 만든지 이해가 가지 않는 앱입니다. 1점주기도 아깝네요.
1,"폭탄 5개 사용 '현질 새치기' 기능, 폭탄 100개 사용 본사 폭발 기능도 어서 넣어주세요~"
5,맛집가려면 웨이팅 1-2시간은 기본인데 원격 줄서기로 미리 대기 걸어 놓으면 밖에서 안 기다릴 수 있어서 좋아요.
1,"앱 리뷰 처음 남기는데, 다른 스타트업들 어떻게 하는지 좀 보고 배워라. 서비스 이용하는데 이렇게 단계가 많고 복잡하면 누가 가입하겠냐? vc에서 투자도 받고 서비스 운영한지도 꽤 된 걸로 아는데 이 정도 밖에 못 만들거면 경영진을 바꿔야 돼 절레절레.."
1,"회원가입 카톡으로 로그인인증하고 확인됐는데, 유저정보를 찾을수없다고 뜸"
4,비록 오늘 연돈은 실패했지만 내일 다시 도전해보려구요 3박 4일 안에 성공하길~ㅎㅎ
1,렉이 심함. 몇번을 로그인이 튕기는지.. 원격 줄서기하려다 안돼서 그냥 가게 앞에 설치된 기계에 웨이팅 걸어둠.
1,최악의 UX 줄서기 가능한 시간에 딱 맞췄더니 로그인을 그때받음ㅡㅡ UX팀이 있다면 제발 스터디좀 하시길
5,원격으로 대기를 걸 수 있다니ㅋ 진짜 아이디어 좋은 어플이네요
5,잘쓰고있는 어플이에요^^ 광고 없어 좋네요
1,앱 가입하고 얼마 안됬는데 네이버 계정이 털렸네요. 최근 가입한게 이게단데. 어의 없네요. 쓰지마세요
1,페이로 현금 딱 넣어놓고 쓰지않으면 원격줄서기도 못하군요
1,"사업장이 리뷰에 답리뷰달수있는기능추가바랍니다. 타당하지않은 일부고객의갑질 리뷰에 별점은까지고, 업주만 피해입는 상황이 벌어지네요."
1,핸드폰만으로 인증하려 할 경우 세션이 계속 만료되어 인증할수없음
1,간편결제를 등록해야 모바일로 예약이 가능하다니 충격임
5,여태까지 원격줄서기로 아낀 시간이 얼마나 많은지 모르겠습니다ㅋㅋ
5,고기가 맛나요 또올께요
5,국내여행 갈 때 필수라고 생각하는 앱입니다.
5,어플에 광고가 안붙어있어서 제일 좋음!!!
4,첫화면에 제위치근처 매장이보여지면좋겠어요~
5,"인증도 문제없이 잘되는데, 아래 문제있다고 후기남긴 자들은 폰을 바꿔야 할것같소~"
5,앱이 깔끔하고 보기에 편리한거같아요
5,테이블링으로 예약하는게 이젠 거의 뭐 습관됐어요
3,여행가서 연돈 도전해보려고 미리 깔았어요ㅋㅋ 부디 성공할 수 있길⭐️ 컴온
3,휴대폰 본인인증 페이지가 안 넘어갑니다 오류수정좀 해주세요
1,가입할때부터 본인인증을 몇번을하게 만들어놨냐 카톡으로 가입한다고 인증 다받고 들어가도 본인인증 또해야하고 서비스 이용할려면 본인인증 또 해야하고 잦같네진짜
1,설치도 느려 위치권한허용도 안되 머이런 앱이 있는건지 다시 만드세요
5,여기서 별점 높은거는 찐이다. 여기 별점 높은곳가면 실망시키지 않음.
1,"개불편 강제적인 페이 및 통장등록, 개인정보 모든거를 여기에 걸 정도인가 싶습니다. 연돈먹을려다가 걍 포기~ 다른거 먹고 말지요"
1,이번 업데이트 때문에 조용히 지웁니다...
1,ㅋㅋㅋㅋㅋ아니이앱이왜번창한건지 소비자의도를 모르는거아니예요? ㅋㅋㅋㅋ 식당에 일정수수료받고 차라리 고객한테도 건당얼마로 수수료를 받아서 원할때언제든하게하더라도 뭘모으고 그래야예약할수있고 이건 진짜오바죠 ㅋㅋㅋㅋ망하고싶어서 환장한거도아니고 ㅜㅜ 오히려 이용고객을더많이 늘리고 광고유치를하면 카카오처럼 돈쓸어담을텐뎈ㅋㅋㅋ 이게무슨짓인지 제일화나는건 테이블링페이인지뭔지 제대로 검증도안되거가져와서 1시간동안했는데도 아예 예약자체가안되서 친구꺼아니면 아예 예약못할뻔했네요. 가입하기에서 그냥계속 도돌이표예요 가입안되고...이런오류라도 없게했어야하는거아닐까요
1,최악 인증을 몇번해야되는지 모르겠고 개인정보 너무 많이가져감 쓸모없음
1,엉망진창이네요... 할말이 많아 지쳐서 다 못쓰겠어요
1,별 한개도 아깝다 위치기반서비스동의 설정 불가.. 이딴거 왜 만들어서 스트레스 받게하는지.. 연돈돈가스 먹어보려다 속 터지네요.. 가장 기본도 안되는..으이구..
5,요즘 더워서 줄서기가 더 힘든데 🐶🐽개꿀이에요
4,친구 쓰는거 보고 따라서 깔았어여 근데 아직 예약해보진 않고 눈팅중...
4,여행갈때 쓰면 좋음 특히 나처럼 먹는 걸로 루트 짜는 사람들^^;ㅋㅋ..
5,원격줄서기는 솔직히 너무 좋다
1,"줄서려면 계좌제출하고 페이 가입하셔야됩니다^^ ㄹㅇ.필.수.임. ㅋㅋㅋ이렇게 갑질을하네요ㅋㅋㅋㅋㅋ 몇번 잘썼는데 업뎃하고나니 어플이 반푼이가됐네🫢 응 안쓸게요. 이거 계좌연동 기획하신분은 승진,,,하셨을까? 뭔 5점리뷰는 말투도 다 비슷함ㅋㅋㅋㅋ"
1,폭탄을 차라리 유료결제를 하게 만들던가 테이블링 페이가 가능한 매장을 본적이없는데 상용화 되지도 않은걸 이용하라고 하면 어떻게 이용하나요.. 폭탄 다 떨어지면 이제 테이블링 쓰지 말라는건가요??
1,올해 1월 4월 11월 제주도 올때마다 예약실패합니다. 황당한 건 지금 11월3일 12시 2인을 번개장터에서 2인 4만원에 팔고 있네요. ㅠㅠㅠㅠㅠ 화납니다. 중고나라에선 대놓고 구하는 사람들이 올리고 있네요. 직접 테이블링 통해서 구매했는지 인증하는 방법 없습니까??? 너무 화가 나네요.
1,줄 많이서는 시간에는 어차피 어플자체가 안됨. 이거 믿고 예약 안했다가 당황스럽네요.
4,"친구들이랑 오랜만에 만났는데, 줄선다고 길에서 시간버리기는 아까워서 테이블링으로 원격줄서기 해놓고 근처 카페 가서 폭풍수다떨다가 먹고옴!! 친구들도 다 깔았어욬ㅋㅋㅋㅋ"
4,역전할머니맥주 갔다가 매장에 테이블링 있더라구요ㅠㅠ 알았으면 예약하고 가는건데
5,연돈가보려고 깔았는데 다른 맛집들도 엄청 많네여!
5,이집이좋겠네 예약필수 대기엄청기네여
1,"주변위치를 기반으로 식당이 추천되었으면 좋겠음.. 서울인데 부산식당이 조회되고, 부산인데 제주도 식당이 조회되고... 이게뭔지; 그리고 식당이 너무 한정적임ㅠ"
1,심각함 작동 안되고 테이블링페이는 전화도 안주고 내가 취소했다고 거절함. 허접앱ㅋㅋㅋㅋ
4,대기하고 있는 사람 얼마나 있는지 미리 확인이 가능해서 편리해요 :-)
1,테이블링 해놓고 기다렸다가 가니까 가게에서는 테이블링 지금 안한다고 해서 시간만 낭비함
1,줄 하나 서는데 개인 계좌 정보 까지 요구 하냐? 휴대폰 본안 인증 만으로 충분하다
3,음.. 이시간에 대기 신청 해놓으려는데 마감이래요.. 이럴수가 있는건가요ㅠㅠ 아니면 오류인가요?
1,테이블링페이는 철회하셔야 안될까요? 현장결제에서 사용이 불가능한데 폭탄을 모을 방법이 없잖아요.. 무슨 정신머리로 저걸 도입한건지..
1,앱 연결이 너무 불안정하네요. 예약 성공한 적이 없어요
1,내 인생 최고의 쓰레기 어플. 연동사이트로 가입해도 개인 정보 다 입력해라고 하지 않나 그렇게 가입해도 뜬금없이 테이블링페이도 가입해라고 하지 않나ㅋㅋ. 어플을 대딩들 알바로 뽑아서 처 만들었음?
1,가입후 무슨 결제앱도 깔고 은행계좌까지 연결해야 사용가능함. 어이없어서 탈퇴
5,어플 센스 대박인듯 하루에 한번씩 접속중 먹을것도 아니면서 그냥 봄
1,여태까지 써본 앱중 최악 별1개도 아깝다 왜 계좌 번호를 써야 되는건지 이해가 안된다
1,이게 무슨짓임 사용한적도 없는데 카톡으로 이거오더라고? 왜 이상한 경기도에 있는 식당에 줄서기가 되냐? 부산에 사는데 개웃기네 진짜 ㅋㅋ 계정 연결 끊으려고하니 설치하라하네 야이 비열한 놈들아 그냥 끊게 해줘야하지 왜 설치를 강요함? 그리고 정작 설치하고 연결된거 찾으려고 보니 이메일 비번찾기는 커녕 카톡 연결 된거면 바로 로그인 되야할텐데 회원가입 하라고 ? 이건 또 무슨 경우냐 ? 이딴 대륙짱개 같은 수작질 부릴거면 진짜 짱개로 꺼져라
1,"수익화를 이렇게 밖에 못하는지? 차라리 폭탄 자체를 현금으로 충전하라고 하면 그러려니 하겠네요. 이건 뭐 요즘 세상에 누가 현금결제하나요? 카드결제가 되는것도 아니고 현금을 적게는 수만원씩 테이블링에 맡겨놨다가 음식값을 내야 원격대기 기능을 쓸 수 있다는건데;;; 차라리 그냥 물리적으로 줄서고 말지, 뭘믿고 현금을 충전해놓으라고 하는건지 이해할 수가 없네요."
1,연돈예약포기하세요 중고나라나 당근에서 사세요 근데 이런건관리안하나요. 제가봐도 메크로인데 진짜 욕먹어도싼시스템이네요
5,운 좋게 연돈 예약 성공 했어요!!!!! 테이블링 어플 별 다슷개!!!!!!!!!
1,별한개도 아깝다 계좌인증만 다섯번 다음으로 넘어가질않는다 예약한번 하려다 오전을 망쳤다
5,남친이랑 데이트 할때 잘 쓰고 있어요ㅎ 맨날 데이트 어디로 갈지 정하는 것도 힘든데 요즘엔 거의 테이블링 어플로만 찾아다녀용!!ㅎㅎ
5,이번에 웨이팅 순서 미루는게 업뎃됐는데 이거 물건입니다 진짜 편해요. 유료라도 쓸 가치 있을유.ㅋ
1,줄서기에 계좌 등록 필수가 왠말이죠? 탈퇴 기능도 없고 망하고 싶은듯
5,초등학생 애들 어디 데리고 다니기 힘든데 테이블링 덕분에 머리 안 아프게 외식 잘 다녀왔습니다.
4,정말 편리해요 다른 매장도 다 이거 썼으면 좋겠어요ㅠ
1,예약이 안됨 해당 시간이 열려있어도 그냥 매진되어서 안됨
5,세상에 먹을 데가 참 많구나.. 뭔가 계속 하염없이 보게 됨ㅋㅋ
1,진짜 댓글안다는데 최악임 모임하느라 어쩔수없이 일단 가입했는데 인터페이스 불편한것은 말할필요도없고 뭔 페이를 가입하라마라 하고있음 짜증나 죽는줄 이번 1회성쓰고 다신 안쓸듯
5,줄서는거 개인적으로 정말 싫어하는 타입입니다^^;; 덕분에 삶의 질이 올라간 기분이네용
5,업데이트하고 보기 편해져서 좋음
1,"ㅋ 폭탄어떻게모아요? 폭탄 다 소진해서 테이블링페이로 결제하고 받으려고 다 연동했는데, 해당 매장은 해당페이결제 안쓴대요. 테이블링앱은 1회용품이네요. 폭탄정책 누가만들었는지 반성하세요, 폭탄모을길이없어 사용못하니 앱 지웁니다."
5,데이트 할때 필쑤!인 어플>_< 핫플은 웨이팅이 많아서 오래 기다려야하는데 원격줄서기로 대기하면 카페다녀와도 되고 지인~짜 좋아용!ㅎㅎ 톡으로 입장순서?도 알려줘서 엄총편리!^0^
4,원격 대기하니까 대기시간 줄일 수 있어서 좋아영!
1,"원격줄서기하려고 깔았는데, 가게들마다 죄다 원격줄서기 안되고 직접와서 줄 서라고 하네...가게들과 합의도 안해놓고 왜 매장들 집어넣냐??"
5,쓰기 편하고 앱도 깔끔해졌어요!!
5,집 근처에 평일 낮인데도 웨이팅이 있는 맛집이 있어서 언제 가보나 입맛만 다셨는데 알고보니 테이블링이 있더라구요~ 덕분에 드디어 먹었습니당ㅜ~ 최고애오!!!
3,"핫플 다닐 때 원격 대기 걸면 좋아여 근데 생각보다 카페는 별로 없어서 아쉬운,,?"
1,이게 어플인가 궁금합니다!!ㅋㅋㅋㅋ왜 만드신건지...연돈 때문에 깔았는데.. 자꾸 튕겨서 결국 아무것도 못했네요
5,전화 예약을 싫어해서 이런 어플 되게 기다렸는데 좋아요
5,광고없는찐리뷰느낌? 맛집갈깨 참고많이하고있어요.
4,요즘 시국에 딱 맞는 어플인것 같아요 사람들이랑 부대끼기 싫은데 이걸로 대기걸면 안그래도 돼서 약간 안심?도 되고 편해요
4,외식할 때 꼭 필요한 어플~~ 잘 쓰고 있습니다~
1,카드등록해서 쓰게하면되지 무슨 계좌를 등록하라고 5번 시도했는데 안돼네요 은행이 토요일 일요일에 안하는데 계좌를 등록이라...
5,테이블링 짱이에오 매장 엄청 많이 업데이트된거 같아요 진짜 짱
4,"와,, 진짜 개꿀!! 여친이 엄청 편하다고 좋아함!!! 데이트할때 이 어플 많이 사용할것 같음!!!!"
1,아니 그냥 계속 본인인증만 하다 끝남 이런 쓰레기 같은 어플 첨봄 그냥 못한다 생각하세요 결국 연돈 못먹었습니다 진짜 별로임 빵점 드리고 싶네 요
1,"가맹점한테 돈을 받으면서 어느정도 인지도도 채웠겠다. 이제 배좀 불려볼까 하고 내기 시작하는것들이 정말 역대 쓰레기라고 부를만큼 BM을 잘못 추가시킴, 이 어플 사실상 연돈때문에 큰거 아닌가? 그 사장님이 손님들이 이렇게 불편해하는 어플을 계속 쓸것같음? ㅋㅋㅋ 항상 어플이 망하는거 보면 보통 BM 잘못짜는거던데 이거도 조만간일듯"
1,테이블링페이 가입해야 사용 가능ㅋㅋㅋㅋㅋㅋㅋㅋㅋㅋㅋㅋ 잘가라 쓰레기 어플
5,연돈은 왜 안되는거죠?? 4명이서 3일 내내 도전했는데 다 실패했어요 완전 똥손인가봐요 뭔가 팁이 있나여ㅠ
1,폭탄이 있어야 줄서기 가능하고 페이등록이 강제인 어플입니다. 다운 받기 전에 참고하세요.
4,외식할때 정말 편리해요! 리뷰볼수 있어서 좋아요
4,앱 좋네요. 핸드폰으로 대기 걸어놓을 수도 있고.
3,연돈때문에깔았음ㅋㅋㅋ 아직 연돈은 안가봤는데 다른맛집이많아서 맛집투어하려면 테이블링 필수일듯?
1,사용자에게 적대적인 방식으로는 오래갈 수 없습니다.
5,비밀번호 변경하기 메뉴 안내 문구에 '비빌번호'라고 잘못 기재되어 있어요.
1,이거 중국어플인가요? 아님중국이랑 관련되있나요? 굉장히 찜찜하네요. 줄서는데 무슨 개인정보를 이렇게나 많이 수집해요??? 기다리던지 안먹고말지 진짜로 찝찝하네요. 어플중에 이렇게 많은 개인정보요구하는어플은 처음입니다.
4,화양동에 진짜 맛집 많은데 다 사용했으면 좋겟어요!!
4,잘 되는건지 모르지만 연* 몇번을 해도 안되는데 당근에 파는 애들은 뭐죠?
1,테이블링 최악 테이블링 광고하는 내용을 보니 기가 찬다. '고객바보' 라고 식당 앞에 대기하는데 모델도 보기싫은데 문구도 홍보 효과 1도 없는 마이너스 이미지의 광고가 나오네. 밥맛이 뚝 떨어지는 저질 홍보에 테이블링 정신 상태까지 무슨 생각으로 이 따위 광고를 하는거냐. 제정신은 아닌것 같은데 고개을 호구로 본다는 지대한 장사 정신에 놀라울 뿐이다. 최근 어플 사용도 페이로 불편하게 만들더니 갑자기 유료화에 저걸 광고라고 만들었냐. 에라이 윗대가리 석두들아. 운영 방침과 마케팅 다 한심하다.
1,예약도 미루기도 안되어서 고객 시간 다잡아먹음 현장 예약해서 대기 3시간 이상 걸림 막상 입장시간에 일이 생겨 못들어가서 앱깔아서 미루기할려고 했으나 현장예약으로 온라인상 예약도 안되고 미루기도 안되게되어있음 대기한다고 밥도 못먹고 버린 시간이 너무 아까움 뭐잘난 음식이라고 이렇게 고객시간을 농락하는지 모르겠음 차리리 예약제로 돌리던가 서비스가 개똥망
1,우아 그동안 진짜 유용하게 잘쓰던 어플인데 무슨일이야 이게 ㅋㅋㅋㅋㅋ 자체 페이를 안쓰면 웨이팅도 못하게 만드는 생각은 어떤 미친사람 머리에서 나온거죠? 진짜 너무한거 아닌가요 ㅠㅠㅠ 퇴사앞둔 직원이 똥싸지른거야 뭐야 뭐 쓸사람들이야 쓰겠지만 전 그냥 탈퇴할게여 안녕빠이짜이찌엔 번창해보십쇼 어디ㅎㅎㅎ
5,손님 모시고 갔는데 너무 좋아 하셨어요. 아이들 하고 오시겠답니다.
1,갑자기 페이 등록해야 줄서기가 가능하다고 해서 제가 아는 테이블링이 맞나?띠용 했네요 피싱어플 잘못다운받은줄..도대체 누구머리에서 나온 아이디어인가요 페이등록해야 대기 가능한건??이 아이디어 낸 직원 아직 테이블링 다니나요?ㅋㅋ좀 이건 아닌거같은데..계좌정보 뜯어내기 수법이 너무 양아치같아요. 리뷰 보니까 뭐 자동이체어쩌고 하던데 귀찮고 불안해서 저도 등록 안했어요. 리뷰도 조작하는거같은데ㅋㅋㅋ애쓰네요 직원인지 리뷰대행사인지 모르겠지만ㅋㅋ리뷰조작할시간에 강제페이좀 없애고 앱에 정말 도움이 되는 고민을 하시길...
3,지도로 검색이 되면 좋을것 같습니다
1,저기요 아니 왜 안되요? 문쉐프의고기국수. 먹으려고 들어가서 예약하려는데 줄서기 준비중이라고 뜨고 예약 불가 매장이라 떠요!!! 근데 대기팀은 점점 늘어나고 왜 저만 안되는지 모르겠어요 ㅠㅠ 혹시 몰라서 아무 음식점 여러곳 들어가도 똑같이 뜨는데 어떻게 해요? 대체 그사람들은 어떻게 한거에요? 빨리 알려주세요
3,연돈땜에 알게됬지만 연돈은 못먹고 대신에 따른 흑돼지집 갔네요ㅋ 그래도 다른 매장 바로 검색할수있어서 그게 좋은듯
4,원격줄서기 서비스 좋네요
3,실시간 대기많은 식당 보여줬으면 좋을거같아여 맛집순
1,서버좀;; 서버좀 최적화하게 해주세요;;
1,줄서기에 페이가입이 필요하지않았는데 필요없는 서비스가 아닌것에 가입하도록 강제하는것은 개인정보보호법 및 공정거래법 위반입니다. 페이스북이 어떤 처분 받는지 보셧으면 아실텐데..
4,식당 진짜 많음... 이제 블로그 검색 안하고 테이블링 덕준애 어플로 맛집 골라 다녀요ㅋㅋㅋ
5,웨이팅 순서 미루는 기능 유료라도 쓸 의향 있었는데 드디어 생겼네요!!!! 굿굿^^)
5,줄 안서고 편하게 먹을수 있음 되었지 말같지도 않는 리뷰 별점테러 개판이네 ㅋㅋ
1,"서울 한복판(종로, 을지로)에서 '내주변'검색하는데 최소 2km고 22km까지 뜨는게 말이되냐ㅋㅋ 위치기반서비스 개선좀 합시다..."
1,"테이블링 페이 강제성 때문에 앱 삭제하고 여기쓰는 식당도 그냥 믿거 합니다. 어차피 mz니 뭐니 sns홍보 식당들이고 맛도 다 거기서 거기고 이런짓 안해도 잘되는 식당은 잘됨. 이거 기획한 PO나 이걸 승인한 회사 대표나 다 본질을 잃어버림. ""쉽고 빠른 예약""이 주목적인데 목적과 방향성을 잃어버림. 그냥 안쓰는게 망하게 하는 지름길이라고 봄. 이런것도 앱이라고 만들다니 진짜.. 생각이란걸 하고 사는걸까?"
1,앱이 깔려있지도않고 울산에 있지도않은데 예약이 되었다고 입장하라고 카톡이 계속오네요. 남의번호로 예약하신분 식사는 잘 하셨나 모르겠네요. 개선이 필요하지않나싶습니다.
1,계좌 연동이라니... 진짜 별로.. 부디 타 어플이 만들어져 식당들이 그거 이용하기를.
4,지인이 쓰길래 깔았어여 유명한 맛집 검색하기엔 좋아요
5,매번 줄서서 먹는거 스트레스 받았는데 이걸로 집에서 미리 대기 걸어 놓고 가면 여유롭게 밥먹을 수 있어서 엄청 좋음 나만 알고싶은 어플ㅋ
1,별.... 못드릴거같아요 ㅜ 맛찬들 보고 들어왔는데ㅜ 대전은 아직 안해주시네요 ㅜㅜㅜ
4,예약하기 힘든 맛집 테이블링 통해서 예약했어요~감사합니다.
4,"원격줄서기 칭찬해,,>< 저같이 맛집 많이 다니는 사람들한테 꼭 필요해요!! 이런 어플! ><"
1,본인인증하는데 졸라 튕기네ㅋㅋㅋㅋㅋ 키톡으로 로그인하는데 본인인증이 또 왜필요함?? 쓰레기는 바로 삭제!!!
5,이번에 다운받았어요^^ 아직 예약 사용해보기 전이지만 식신원정대를 시작해보고싶네요^^
5,여름이랑 겨울에 제일 많이 쓰는 어플. 대기걸고 실내로 피신 필수👍👍👍👍👍
1,별하나도 아까움ㅋㅋㅋㅋㅋㅋ 아니 제주도와서 그냥 아무곳 선택 30개이상했는데 1곳도 예약할수가 없음 그것도 화요일에... 내가 이걸 왜 깔았는지...ㅣ
5,예약 서비스 자체보다는 유명 식당들 검색으로 많이 쓰고 있어요ㅋㅋㅋ편리합니당
1,앱을이용하려면 금융정보를 이렇게 막.. 자동충전 단위가 3만원부터 시작인건 또 뭐얔ㅋ
5,코지하우스에서하기로
1,장난하나 8시예약하려핸는데 안되다가 예약꽉차니깐 이제서야 되네 느려터져서가지고 서버업데이트나해라 앱지운다 어이 관리자양반 :) 이딴식으로 쳐 쪼개지마삼
1,"원격예약이 돼야지, 무슨 테이블링 페이를 또 가입하라고 그러냐~~~~"
5,원격줄서기 진짜 최고되네요...
1,거래계좌를 등록할려해도 ARS인증 되었다고 해서 전화 끊어지고 거래무응답 나오고 어떻게 등록을 하고이용을 하라는건가요?? 5번시도후 삭제합니다
5,이런 리뷰 처음 써보는데 진짜 좋네요ㅎㅎㅎ 원격줄서기 넘넘 잘 쓰고 있어서 여기저기 추천하고 다닙니당 !
1,"화딱지 나네요,겨우 줄서기하려고 오픈뱅킹을 강요하는게 말이되냐!!!쓰레기어플임,안먹고만다"
5,날씨도 점점 더워져서 줄서있기도 힘든데 테이블링으로 대기 걸고 카페에서 수다떨다가 카톡오면 입장해요 개꿀!
5,주변에서 추천받고 잘쓰고 있음
5,일부러 문앞에서 기다리지 않아도 되어 굿입니다!
4,한여름 되기 전에 이 어플 알아서 다행임ㅋㅋㅋㅋ 써보니까 진짜 편하긴 편하네요 원격줄서기 꼭 번창하세요
1,이딴 쓰레기 앱이 다있어. 카카오로 가입해서 로그인 하는데 유저 정보를 찾을수 없다고 뜨네 개인정보만 거져 가냐
1,별점 빵점! 사업자들한테 돈받는다고 하던데 돈받고 무슨 페이같은거 만들어서 사용만 더힘들게 만들었네요. 가입자수만 많아지면 유료화 되고 유료화가 되었음 어플에 더 신경써야하는데 이건 아님 아웃!!!!!
1,원격줄서기에 계좌연결이 왜 필요한건지..
5,테이블링 맛집 리뷰는 믿을 수 있어서 좋아요 실제 가본 사람들의 리뷰라 신뢰가 갑니다 예약도 편리하고 좋아요
1,"진짜 엡 그지같이 만들었네ㅋㅋㅋ 차라리 폭탄을 돈을 주고 팔아라 BM이 필요해서 깝친건 알겠는데 카드연동은 안되고 계좌만 연동하고, 포장주문 되는 업체는 많지도 않고, 현장결제도 안돼면 ㅋㅋ 원격줄서기가 목적인 엡인데 엡자체 활용도가 떨어지게 설계하니 여기도 곧 망할삘이다"
1,업데이트해준다면서 안되여 ㅡㅡ 아짜증
1,테이블링페이 가입이안되는데 이게무슨 말도안되는업데이트야 ㅋㅋㅋㅋㅋㅋ어이가없네요
2,폭탄을 돈주고 살수있게라도 좀 해줘요 제가 간곳들은 테이블링페이 받는곳 단 한군데도 없었음. 폭탄을 쓰기만하고 받는곳은 없으니 소멸... 이게 뭔지 참
5,더운날 기다리지 않아도 되는거 너무 편리해요!
1,대기자 80명떠서 천천히가는중에 갑자기 바로입장떠서 급히갔더니 에러라고.. 심지어 점심식사시간 마감이래 ㅋㅋ 당장환불해줘요
1,"솔직히 쓸데없는 가게들만 받아놓고 맛집? 마포 역전회관, 영등포 반카부대찌개 이런데는 뜨지도않고선 맛집 웨이팅이라고하는건가 참... 그냥 백종원 골목식당용 앱에요. 술집은 오지게뜨네 정말 기대하고 켠 내가 바보입니다"
1,앱 만든 개발자 자르세요 앱을만들면 뭐해 인증부분에서 넘어가지도않고 월급루팡일듯 예약해도 가게에서는 예약한적도없다그러고 대가리에 똥들었나 아님 진심 개발의 개자도 모르는 생초보를 두었나
1,너무 느려서 연돈을 한 번 못가네요Y.Y 살아서 한번가려는지 모르겠어요ㅎㅎ
1,연돈 예약 성공한게 당근마켓에 팔리고 있는거 압니까? 알고도 가만히 있나요? 적게는 2만원에서 많게는 4만원에 팔립니다. 먹지도 않을 사람들이 음식값보다 높은 가격에 예약한걸 팔고 있다고요. 말이 됩니까?
1,가입자체가 않됨 위에는올바른이메일형식 아래는 이메일형식 올바르지 않음 계속반복
1,그지같은 bm 대체제 나오는 순간 바로 갈아탑니다
4,가맹점 문의하려고하는데 월별 요금이 안나와있어서요ㅠㅠ 대충 이용요금이 얼마인지 알 수 있을까요?
1,그동안 잘 썼는데 이제 더 쓸 이유가 없어졌네요. 삭제합니다.
1,회원가입 사용성이 정말 꽝입니다... 거의 5분 넘게 걸리네요 더 써보니까 회원가입만 그런게 아니네요..ㅋㅋㅋㅋ 앱 다시 만드셔야 할 거 같습니다
5,유용하게 잘 이용하고있어요~~ 노트북에 앱 설치하려면 어떻게 해야하나요~~
1,대기 인원 계산을 잘 못하는 건가요? 50팀이 15팀으로 줄어드는 마법이라던가...?? 제주 여행만 아니었으면 쓰지 않았을 어플이네요
1,티켓팅 하는 어플이 무슨 이정도 사용자에 매일 서버 터지는건지 그냥 다른어플에 넘기죠
3,안되는곳이 많아요..현장에서 해야하는곳이 더 많아요
1,"원격 줄만 서려했는데, 왜 하는지 모를 페이 가입 하라는거 보고 회원탈퇴 후 삭제 합니다."
1,제주도 여행자들 연돈때문에 대부분 이 의미없는 앱을 받아 가입했을 것이다. 하지만 실제 20시에 예약할 확률은 없다. 1초컷 안팍인데 몇일 해보니 다 매크로가 먹는것 같다. 혹시나 중고나라 거래되는거보니 많다. 이런거 가지고 수수료 장사하지 말자. 쪽팔리다. 연돈측 혹은 테이블링 측에서는 이 문제 해결하지 않으면 머지않아 인플들 통해서 널리알려질것이다. 동일ip 혹은 동일계정 예약 횟수 제한걸거나 취소내역 지속 반복되는 어뷰징계정 몰수하면 간단하다. 방법을 강구하길... 그냥 서울 널리고 널린 맛집 돈까지집으로 가겠다. 그리고 리뷰답변은 다 똑같은 복붙. 지겹다. 진짜 중복예약 계정막아라. 소스 한줄만 추가하면된다. 중고나라 판매거래가 많다는거 꼭 테이블링측은 확인해라!!! 아니면 곧 망한다 너희앱은 참고로 제주한달 머물면서 매일 가족들이 다 신청했다. 한번도 안됬다. 무의미한 대답달지 말고 중고나라 판매나 막아라
5,요즘 세상 진짜 좋아졌네요. 잘 사용하고 있읍니다.
1,테이블페이에 폭탄이라...ㅋㅋ 돈독이 너무 올랏네요.
1,1개도 아깝네요 본인인증이 지속적으로 여러명이 되지않아서 시도도 하지못하네요. 그냥 연돈 예약하시려는 분들 이맵 설치하지마세요 스트레스만 받아요 그리고 어떻게든 별점 높게 주신분들만 답글달고 그럴거면 애초에 답글을 달지마세요 본인인증의견들 한개도 답변안하시면서 ㅋㅋㅋㅋㅋ
1,이정도로 장사속 요구하는 건 아니지 않냐? 가입없이도 되던 서비스가 오픈뱅킹까지 요구한다고 ㅋㅋ?
3,포켓몬 gps조작 하는것처럼 제주도 있는것처럼 조작하고 매크로 이용해서 예약 되파는 사람들이 있을거 같네요
1,테이블링페이에 가입해야만 사용가능해서 유료라고 봐야됨.
1,장난하는것도아니고 예약한번하려고 이상한페이까지 강제가입시키다니 최악입니다 정신차리세요
5,저 진짜 잘쓰는데 쿠폰같은거 있었으면 좋겠어여 vvip될 자신있는데 진짜루
1,UI사용성도 떨어지고 회원가입절차 또한 구식이네요 카카오와 같은 간편회원 가입을 받으면서 PASS문자인증을 받고 또 자체 회원DB생성을 위한 절차는 왜 또 받는건지
1,앱업데이트 안정성 최악
1,설치도 잘 안되네요. 뭐 이런 어플이 있나? 요즘도 이런 어플이 있다는게 웃낀다.
5,블로그에서 알아서 밥 먹으러 가는 길에 대기 거니까 도착할 때 쯤 바로 입장했어욯ㅎㅎ 신기방기
5,감사하게 잘 쓰고 있습니다 :) 좋은 시스템 감사합니다!
2,되퍌이를 위한 어플. 주1회로 같은 식당 이용 제한 두어야 합니다
1,개같이도 만들었네 설명도 제대로 없고 페이 시스템 왜 만든거냐
1,별한개가 아까운 어플이네요 카카오로그인하는데 카카오 아이디 비번을 다 적게 하네요 그럴꺼면 뭐하러 카카오로그인을 하나 카카오연동해서 자동으로 받아오게 해야지 연돈 예약 아니였으면 이런 쓰레기어플 받지도 안았습니다
1,페이든 뭐든 좋은데.. 페이가입이 되야 뭐라도하죠..
1,테이블링 앱 삭제하였습니다. 남기고싶은 말을 아래 리뷰분들이 말씀주셨네요 줄서기하는데 페이등록에 거부감이 들어 회원탈퇴 및 삭제하였습니다. 번성을 위해 사용자 피드백 반영해주셨으면 하네요
1,무슨 카톡으로 로그인을 아이디 비번 치고 패스로 인증해요...엄청 불편함
4,연돈을 줄서서 기다리지 않아도 된다는건 엄청난 강점같음. 그러나 연돈 예약은 실패..
2,서버시간 느린건 진짜 상상도 못했다ㅋㅋㅋ
1,업데이트하더니 실행이 안되네요! 신기해요!
1,뭔 요구하는게 이리 많은지ㅡㅡ 드럽고 짜증나서 안씁니다
1,줄서기 이용할려고 테이블링 페이를 가입하라고??? 정말더럽다
1,카카오 로그인 시켜놓고 이메일 비번 또달라는 앱은 처음이네요. 그냥 안쓸래요
5,맛집 줄서지 않아도 돼서 정말 좋습니다
5,남자친구랑 기념일이라서 고민 많이하다가 테이블링 어플을 접했어요 정말 덕분에 성공적인 기념일이될수있었습니다 앞으로도 자주 애용해야겠어요
5,직장인들한테 진짜 필템!! 점심시간 촉박한데 사람 많아서 맨날 시간 버리는데 이걸로 출발할때 대기 걸면 기다리는 시간 거의 없이 먹을 수 있음
1,ㅋㅋㅋ아 다됐고 카카오로 가입했는데 (카카오에서 로그인 알림톡도 옴) 왜 유저 정보를 찾을 수 없대? 카카오 연동하나 못하는 서비스 수준이 레전드다. 로그인을 못하니 탈퇴도 못해 ㅋㅋㅋ 개인정보 먹튀함?
4,잘 알지 못하던 레스토랑들을 많이 접하게 되었어요
1,폭탄 다써서 원격줄서기 불가능해지니 무쓸모 망할 테이블링페이는 어떻게 결제하는건지 설명도 제대로 안돼있고 가맹점도 자기넨 사용 안한다고 ㅋㅋㅋㅋㅋㅋㅋ
1,원격줄서기는 안되는데요ㅜ
1,원격줄서기에 카드를 등록하라니.... 참 X같습니다. 왜 카드를 등록해야 되나요??? ㅋㅋㅋㅋ
1,1초만에 모든 예약이 다 나간다고? 이게 가능한건가요? 기술적으로?
5,굿입니다 편한 예약 시스템이에요
1,매크로돌리는 습색기들때문에 못해먹겠음 연돈아니면 이 어플 쓸일도없음. 결국 당근마켓들어가면 매크로 돌려서 예약한것들꺼 사는사람 천지임.
1,정신이 아주 단단히 나갔음. 페이를 못하면 예약도 못하게 했네 ㅋㅋㅋㅋㅋ. 장사 그따구로 하면 좋아요? 왜? 돈이 그리 좋으면 투잡을 뛰시지? 잘나가던 앱 거지같이 만들고 운영하는 꼬락서니가 사람들 등 돌리게 만들기 딱 좋게 했네요. 하루 예약할라고 한달 치를 쓰라고? 너희들이 제정신이면 그런 소리가 나오면 안되는거 아니냐? 싫으면 안쓰면 그만인걸 왜 리뷰에서 이러는 줄 아세요? 느그들 그 더러운 속내를 알려서 사람들 피해 안보게 하려고요. 만나서 더러웠고 너희는 앱 같은거 만들지 마세요. 날강도가 따로 없네요^^.
1,처음 가입했는데 폭탄 왜 안줌요? 폭탄이 하나도 없는데 어떻게 예약하고 어떻게 폭탄을 얻죠? 어플도 존내 느려서 오류 겁나 나는거 참아가며 기껏 계좌 다 등록했는데 개어이없음 그냥 안먹고 말지 ^^ 개같음
5,앗싸 연돈 성공했읍니다!!! 네이버시계로 초 보고있다가 하면 됩니다ㅋㅋㅋ
1,테이블링페이 가입해야한다고 하는데 가입하기가 안열려요 어플 똑바로 만드세요
1,회원가입시 휴대폰인증 알뜰폰사업자 창에서 넘어가지가 않음
1,잘못된 토크 방식입니다라고 계속 뜨네요
1,아오그지같은거 진짜 스크립트난리하면서 되지도않고
5,잊을수없는 자꾸생각나는맛 재방문 역쉬 실망시키지않는맛@@@ 환상적인맛을 잊을수없어 다시 우쭈식량주문 반달만두추가 대구에납작만두라고~먹는방법까지 자세히 설명해주신 친절한직원분👍👍👍납작만두에 싸먹는재미가 쏠쏠 개인적으로 추천 맛~^^존맛탱 재방문의사 1000%!!! ㅎㅎㅎ 위생등급 매우우수 가게라고 하네요 안심하고 먹을수 있는곳 강력👍추천합니다
5,식당에 가면서 줄설수 있어서 편해요.
5,리뷰 처음 써봐요 ㅋㅋ저희랑 비슷하게 도착하신분들 입장하기도 전에 밥먹고 나왔어요 너무 감사합니다♡
5,기다리는시간 아까우신분! 이 어플 꼭 깔아서 사용해보세요ㅎㅎ
1,식당들에게 돈을 받으시면서 또 손님들한테도 이제 돈을 받네요? 잘쓰고있었는데..과한 욕심처럼 느껴지네요.
1,아니 이런 개같은 어플이 어딨음 예약을 안 받는 집이 이딴식으로 예약 쳐 받으면 가서 기다린 사람들은 뭐가 되는 건데? 만든 놈이나 쓰는 식당이나 머가리 텅텅 빈 것들.
1,그냥 줄서세요 돈내고 줄서라고 하질않나...원래자체의 목적을 잊은듯
1,앱 개 불편 인증을 몇번을 시키는 건지 카톡 연결해도 정보 땡겨오지도 못함
5,이 앱 진짜 신세계에요 완전 좋아요 이런거 있었으면 좋겠다 싶었는데ㅠㅠㅠ
1,회원가입부터 제대로 짜증나게하는군요
1,계속 설치 안되서 예약 못 함ㅎㅎㅎ
5,김나영 유튜브 보고 첨 알아서 써봤는데 진짜 편해요~!!!!
5,갑자기 페이가 생겨서 좀 당황스럽긴 했는데 써보니깐 사용하고 남은 돈은 인출할수 있어서 괜찮았어요~☺️
3,가고싶던 맛집 편리하게 다녀왔답니다~
5,원격줄서기 최고
1,이상한 폭탄 생기고부터 테이블링 없는 가게만 다닌다
1,테이블링페이 본인인증에서 남자여자 통신사선택을 눌러도 아무것도 안 뜹니다ㅠ
2,보증금 제도 상세 설명 공지 바람. 노쇼시 보증금 처리 방안 필수 공지!
1,가입 너무 귀찮게되있네요
1,개 쓰레기 어플이네요 인증하라고 해서 몇번이나 했는데 다음단계로 쳐 넘어가질 않잖아요 킹받아서 고혈압으로 뒤지라고 만든 앱인가요?
5,웨이팅 앱으로는 제일 좋음
4,부모님이 기다려서 먹는걸 싫어하시는데 보양식도 사드릴겸 맛집 모시고 가고싶어서 몰래 원격줄서기했어요ㅋㅋ 근처 카페에 있다가 바로 들어가서 성공적이였어요
5,페이 가입하라고 해서 좀 거부감 들긴 했는데 막상 써보니까 편하네요ㅋ 남은돈은 다시 내계좌로 보낼수있음
1,"서비스를 제공하려는건지, 돈버는데 눈이먼건지"
1,왜 오픈계좌까지 등록해야하나요 뭐 이렇게 바라는게 많음
1,줄만서면되지 뭔 계좌를 등록시키는 ㅡㅡ
5,맛집 방문 할 때 최고 \(^^)/
1,서버 오류 너무 심해요
1,원격줄서기인데 페이가입해라 등등 쓰레기 어플. 설치누르는 시간도 아까움
1,인생 최악의 어플 카카오톡 또는 페이스북 등으로 로그인 하라하여 카카오톡으로 로그인 이후에 별도로 계정생성을(이메일부터 개인정보까지 기입하여) 해야함. 이후의 결제 시스템관련하여 인증및 정보 입력또한 말도안되게 불편하며 과한정보들을 요구함. 사용할 생각 1%도 들지 않음.
4,바쁘다 바빠 현대사회!!...에는 이런 어플 필수임! 저번에 친구하는거 보고 바로 깔아서 애용중임다!
1,"앱이 언제 다 깔아지능교? 어제 깔기 눌렀는디 12시간이 훌쩍 넘었는디 아직 안깔리니 포기해야 하나,,,,,"
1,문자본인인증부터가 오류투성인데 뭐하러 이딴어플을 하는거지? 연돈갈라다가 빡쳐서 안가게되네
5,대기순서 미루는거 대박인듯 너무좋아요(^0^)
1,자체 페이를 쓰지 않으면 서비스 이용 못함
1,멍청한 부동산 소장이랑 다른게뭐냐 이상한거 만들어서 어르신들은 쓰지도못하고 먹지도못하게하는 어플 노노테이블링 한다
5,가끔 혹시..?하고 검색해보면 이게 있네..? 싶은 매장들이 있어요ㅋㅋㅋㅋ 신기해요
5,뭐먹지 찾을 때 좋은 거 같아욤! 감사합니다~
1,잘 쓰고 있었는데 이상하게 바뀌었네요
5,제주도 여행에서 유용하게 쓰고 갑니다
1,페이를 가입해야지 쓸수있네요 다운의 의미가없습니다
1,연돈 매크로도 못막을거면 왜만들었는지 ㅋㅋㅋ
1,"연돈 예약하려고 하는데 날짜 선택이 아예안됨, 몇일째...돈까스 먹고싶다"
5,처음가입하니까 폭탄주네요 ㄱ ㅐ🐶이득ㅎ 잘썼어요ㅎ
4,찐맛집만 있는 것 같아서 믿고 가볼만 한거같습니다!
5,이 어플을 아는 사람이 진정한 승자. 원격줄서기 한번 해보면 신세계 경험 할것.
1,진짜 얼토당토없어서ㅋㅋㅋㅋㅋㅋ돈독이 오를대로올랐네ㅋㅋㅋㅋㅋㅋㅋ줄서기하려면 자동이체걸어야하는게 말이야???돈에미쳐서 악수중에 악수를 둔듯 별점테러당한거보고 반성안됩니까?
1,폭탄 구매 안되나요? 굳이 페이로 결제 너무불편한데 받은폭탄 다쓰면 앱이 쓸모가 없어요
2,딱 10회사용하고 버릴 어플... 가고싶은곳보면 테이블링페이를 지원하는 곳이 없음. 제휴처를 늘리지 못하면 차라리 폭탄을 유료결제되게 해놓던가요
5,지금 몇 명이 대기중인지 떠서 가기 전에 미리 볼 수 있다는 점이 너무 좋아요.
1,좀 더 공신력을 갖춘 후에 페이를 개발하든가 해야죠...중요한 개인정보를 요구할 정도로 신뢰할 수 있는지 생각해보시기 바랍니다. 사용자들의 평가를 보세요. 경쟁업체가 없으니 이렇게 되나봅니다.
5,자주 가는 매장 사장님이 핸드폰으로 대기할 수 있다고 해서 다운받았어요ㅎㅎ 이제 요걸로 대기 걸고 가겠슴다헤헤
1,본인인증 무슨 수십번해야되나요 연돈한번 예약해볼려고 깔았다가 기분 잡쳤네요 무슨 10번을 인증해도 다시 본인인증해야한다고 무한 루프 만들어버리면 그냥 예약하지말고 꺼지란 소리겠죠 진짜 앱 관리자들 일 안하는거 눈에 보이니까 정신 좀 차리라고 말해주고 싶네요 아 이거 안보려나? 제발 연돈으로 앱 팔아보려고 하는거면 관리나 잘하세요
5,편리하고 좋네요
1,안드로이드는 안돼는건가요? 번호인증에서 안넘어가네요ㅡㅡ
5,아무래도 연돈에서 테이블링을 선택한 이유는 다 있겟죠?!
1,회원가입 할려해도 지금껏 써온 메일주소가 잘못된메일 주소로 나오는데 정말 답답 하네요
3,주소검색하면 다른 지역도 나와서 불편해요.
5,"뭐이런 좋은앱을 만드셨나요...? 남들 1시간씩 기다리고 앉아있는데, 저는 도착과 동시에 입장했네요. 저만 알고싶은 앱이라 어디다 후기도 안쓰고싶어요.많이 알려지면 안될거같은마음ㅋㅋㅋㅋㅋ"
4,포장주문도 곧 열릴 ㅇㅖ정인가봄? 빨리열리면좋겠네여~ 🤭
5,너무 편하고 신속해서 좋았습니다
1,와 이렇게 가입부터 오류가 많은 어플은 처음이네요
1,버러지같은 앱.. 이걸 왜 사용하노ㅋㅋ 계좌인증은 개뿔 1원 잘 받았다
4,친구가 알려줘서 써봤는데 진짜 원격줄서기 신세계네요 ㅋㅋ
1,오류도 많고 쓰레기네요;;
1,돈에 환장했네 사장님들 돈으로는 부족한가 폭탄 결제하면서까지 식사 할 곳은 안 갈거다 맛집 천지다
1,예약이나 잘 잡아줘라. 돈벌 생각하지말고.
1,식당예약 어플이 갑자기 왜 페이등록을 하라는거지요
5,원격줄서기 진짜 왘ㅋㅋㅋㅋ 너무 신박 좋은데요..?
1,리뷰왠만하믄안쓰는데. 줄서기하는데 회원가입? ㅇㅋ 근데계좌등록? 앵간히하셔야죠 기본도안되있는회사가 무얼하겠습니까. 일단회원모집하고 영향력키우고뭔짓을해야지. 회원가입과동시에 탈퇴를하게만드는재주가있네요
5,친구 네명이서 연돈 도전했는데 나만 성공함ㅋㅋㅋㅋㅋ 빡세지만 맛있었어요ㅋㅋㅋㅋ
1,오토프로그램있는듯...
1,어이가 없네 원격 줄서기도 마음대로 못하고 페이는 뭔데요. 비즈니스 모델을 한참 잘못 생각하신듯. 안쓰고맒
5,연동 예약성공ㅎㅎㅎ 테이블링덕분에 드디어 먹어봅니다
3,원격줄서기 짱짱 좋음!!!!!!!!!! 강추!!!!
5,다리 아픈걸 싫어하는데 제 다리 알을 지켜주시네요 감사합니다><
5,"와 진짜 왕편해욬ㅋㅋㅋㅋ 그동안 왜 줄서서 기다렸는지 모를,, ,"
1,본인인증 하려니 안되고 계속 먹통인데 왜그럴까요
1,줄서기 한 번 하려는데 본인인증까지 요구하네 ㅋㅋㅋㅋ
4,아.. 이걸 제주도 여행때 알았어야 했는데... 지금 안 내 자신....반성한다
5,줄서는거 극혐하는데 원격줄서기 해놓고 카페에서 기다리다가 들어가는거 ㄹㅇ신세계
5,줄안서도 웨이팅을 대신해준다니 정말 개꿀인것같습니당 ㅋ쵝오
5,ㅎㄴ 화이팅 앱잘쓰는중
1,개인정보를 너무 많이 가져감
1,너무 정보를 많이빼가요
1,"별점 주기도 아깝다, 페이결제 안하면 폭탄 안주고, 폭탄 없인 원격도 못한다? 웃기는 애들이네 자기들 폭발시킬 폭탄이네 아주"
2,흠;리플들보니 사용해야하는건가요~ 말아야하는건지요
1,가입절차복잡에 페이 계좌등록 강제네요. 이럼 누가쓸지
1,별표 0개는 못고르나요? 돈에 미쳐가지고 ㅋㅋㅋㅋ ㅇㅇㅊ가따로없넹
1,살다살다 줄서기하는데 이렇게 많은 정보 요구하는건 처음봅니다.
1,테이블링페이가 너무 불편합니다 강력 비추
1,별한개도 아깝습니다
3,값은 비싸나 맛은 좋아요 대기줄 관리 필요
1,줄서기하려면 테이블링페이가입하고 계좌연결ㅋㅋㅋㅋㅋㅋㅋㅋㅋㅋ 즉 시 삭 제
1,유저인터페이스 불편함 결제 비밀번호 입력 제약 좀 없애라 결제 등록 자체도 왜 하는거
1,뭔 결제시스템에 등록을 하라고 합니까? 밑에 평가에도 결제시스템 불만에 대해선 아무 답글이 없네 ㅎㅎ
1,설치후 가입까지 정말 복잡합니다.
5,서비스 만점 맛도 💯
1,별한개도 아깝다 왜 본인인증이 안되는건데?? 꼭 예약해야하는집이였는데 못했다 이 망할놈들아ㅡㅡ
4,"돼지들의,,,필수 어플,,,, 솔직히 배달앱이랑 웨이팅앱 모아둔 폴더 없으면 배운 사람 아님"
4,앞으로 테이블링만 쓸거같아요 근데 연돈은 실패함
4,리뷰는 실제 방문자만 쓸수있는거 맞나요??? 리뷰가 많은 매장만 믿고 갑니다!!
1,최악의앱 트래픽 관리 제대로 합시다
1,그동안 잘 썼는데 이제 사용할 이유가 ㅋㅋ
1,"작년리뷰는 댓글 정성스레 달더니, 요즘 댓글은 무시하네? 이런 쓰레기 앱은 삭제가 답. 영원한건 없다. 교만하지마라."
1,"ㅋㅋ오픈전부터 가게앞에서 대기햇는데 줄서잇는사람은10명인데 이 어플때문인지 대기인원은 200명이 넘더라고요?? 왜 이딴어플 쓰는지 잘 모르겠고 저하나 안가도 가게에 타격이없겠지만 테이블링 쓰는 가게는 이제 안가려고요ㅋㅋ 뭐 직접찾아가는사람 호구로아나.. 가기전, 이런 어플 있는지 몰랐던거 맞는데, 그나마 젊은층인 저랑 제친구들이 이런게 있는지 몰라서 피해본거 생각하면 저희보다 전자기기사용이 덜 편하신 어르신들은 어떻게 밥먹으라는건지.. 생각하니 기가차네요. 키오스크때문에 사회에서 외면받는 약자들을 더욱 소외되게 만드는데 일조하셨네요 축하드립니다 👍👍"
1,대기시간 100분 걸린다고 하고는 20분 뒤 5분내 입장못하면 취소처리하고 노쇼 패널티먹이는 개매너 어플
1,깔아서 쓸려다가 내 개인정보 다써야하고 내개인정보로 이상한짓 할까바 지움 여기말고 다른어플쓰세요
1,페이 가입하기 눌러도 창이 안뜹니다 어떻게 가입하라구요
1,테이블페이 수고하세요. 미련없이 삭제합니다.
1,유료화?되고나서 이건 뭐어쩌라는거지 이용할수가없네요
1,그냥 폭탄을 돈주고 파세요 테이블링페이는 포장밖에 안된다고 하네;;
1,"참 어이가없는 웃긴앱이군 원격테이블 예약좀 할려니까 카카오연결 아이디 만 하면 되는줄알았는데 로그인후 아이디 가입은 따로있고. 대체 이러면 카카오톡,페북 계정은 무슨의미야? 그냥 아이디 가입만만들어놓지 직관성은 장식용. 무슨 돌머가리 초졸 정박아들이 개발함?ㅋㅋㅋㅋ 근데 또 휴대폰 개인정보 인증? 그러나 이제 끝인줄 알았는데 테이블링페이 가입 인증? 뭐 이딴 역대 폐급앱이 다있냐? 기여코 개인정보 남김없이 뜯어가서 팔겠다는 드러운 심보 밑천까지 드러내는건가? ㅋㅋㅋ 나중에 이런 앱 서비스 망할때나 때가 대면 개인정보 싹 팔아치울려고 ㅋㅋ 대놓고 속뻔히 보이는 앱. 이런앱 진짜 구글에서 못내리나? 참 쓰레기같은 놈들이네."
5,믿고 쓰는 테이블링! 연돈 한방에 했어요ㅎㅎㅎㅎ쵝오..
1,원격줄서기 전에 미리 물어보던가.... ^^ㅣ바...
1,옛날엔 진짜 좋았는데 돈독오름
1,예약하는데 계좌등록은 너무한거 아니오?
5,이 어플 대박인게 내가 먹고싶은것만 골랐나; 다 먹고싶은것 뿐이네
1,음식도 친절하고 알바도 맛있어요
1,테이블링페이 가입자체가 안되네요ㅋ
1,업데이트하니 설치안됨
1,회원 가입 새로 하는거면 카톡으로 로그인은 왜 았나요? 카톡 정보도 털렸네
1,어플은 항상 유저프랜들리여야한다 돈에 욕심을 내는것이보이고 유저의권리를 침해하는순간 없어지는것이 맞다
1,회원가입부터 ui 그지같이 만든게 앱 사용 ㄹㅇ 개불편함;; faq 는 아직도 없고.. 탈퇴매뉴는 어디있습니까?
1,페이 생기고 유료전환 이후로 어플 삭제합니다
5,연돈은 못했어요ㅠㅠ 대체 누가 성공하는거죠? 비법좀알려죠ㅠㅠ 대신 고집돌우럭은 엄마 아빠 다 좋아하셨어요 완전 강추 꼭 가세요!!
1,실행이 안됨
1,최고의 앱에서 최악의 앱으로 바뀜
1,너무불편하게 하는 앱
5,사용하기 편리해졌어요.
1,알뜰폰도 아닌데 왜 인증 안댐 싯8진짜
5,만족만족중입니다 번창하세요!!
5,실 방문자 리뷰 볼 수 있는 것 정말 좋음
1,테이블링페이는 왜 강요하는지 이해안되네 ㅋㅋ
5,집근처 줄서는집 갈때 편해요
1,"기가찬다 잘나가니까 바로 돈독 올랐나 폭탄이 뭐냐 폭탄이 지네 페이 써야 5,000원에 하나 주고 원격줄서기 하면 3개를 소비하는데 장난치나 빈정상해서 안쓴다 테이블링 하는 식당도 다신 안간다"
5,짱짱짱편함!! ! 이제 이거 없으면 줄서는 식당 못갈고같아요 ㅜ_ㅜ
3,제주 여행때 연돈 도전해보려고 깔았슴당 제발 성공할수있기루ㅜㅜ
5,원격줄서기는 진짜 신세계다 세상 사람들 다 원격줄서기 깔아주세요ㅠ
5,무작정 기다리지 않아서 좋아요.
1,접속이 안돼요 왜 이런거죠...
5,이 앱은 찐 이시국템이다ㅋㅋㅋㅋㅋ 비대면 줄서기라뇨!! 대박스
5,이거 깐이후로는 여기에 검색해서 나오는 집만 가요..
1,오랜만에 쓸라니 그지 같은거 생겼네. 안쓴다. 퉤
1,줄서기 하는데 왜 오픈뱅킹까지 가입해야 하는지???
1,"예약하는 것도 유료로 바뀌다니? 테이블링페이로 결제 강요하는 시스템 진짜 폭탄이네요. 담당자가 회사 폭파시키려고 폭탄이라 지었답니까? 결제수단은 계좌연동밖에 안돼, 심지어 충전 금액은 최소 3만원부터 ㅋㅋㅋㅋㅋ 이용자 다 떠나가고 돈 얼마나 버시는지 봅시다"
3,핫플갈때편해여!! 굳이밖에서안기다리고 입장할수있음!!
1,돈에 눈이 멀으셨네요 ㅋ 테이블링페이? 적당히하세요 카카오같은새1끼들
1,페이가입하라고 우겨넣고있네..불편해.바로 삭제. 그냥 가서 줄서겠습니다
1,연돈 8시에 들어가자마자 마감됬네요. 매크로 의심까지 드네요 ;;
1,직접 와서 줄 서는 사람에게 엿 먹이며 성장하는 서비스.
4,이번에 알았는데 정말 편하네요~
5,진짜 찐 리뷰도 있어서 맛집 믿고갈수 있음 넘 편함
3,사용이 어렵네요
1,오류도 심하고 렉도 심하고
1,업데이트가 너무 잦아요
1,식당 줄에 페이 연동까지? 안 쓰고 말지
1,수익모델 기껏생각한게 개찝찝한 계좌정보등록이니? 대가리에 뭐가 차있길래 이런 쓰레기짓을 할까 ㅋ 당장삭제함
5,젊은 사장님이 친절하며 음식도 깔끔 정결하며 귀한 대접을 받은 기분리었다
5,굿굿 스마트한 어플이에용
5,친구가 제주도간다길래 추천해줘서 깔았음 진짜편함 제주도갈때 필수인듯....
1,"회원가입시 키카오 계정이 있는데 카카오 계정 아이디 비밀번호를 직접 쳐야하고, 의미 없는 과정입니다. 어차피 아이디 비밀번호 따로 또 만들어야하고 본인인증도 또 해야합니다 예상 대기시간이 30% 차이가 났습니다. 실시간 예상 대기시간도 없고 순서만 알려줍니다. 예상 대기시간과 차이가 나서 도착하지 못해도 방법이 없습니다 순서 넘기기도 없고 아이디어는 알겠는데 사용자 친화적인 요소가 많이 모자라네요"
5,이번 주말은 남편 데리꼬 테이블링 맛집 출동입니다ㅇ_ㅇ
5,요즘은 테이블링 안쓰면 바버~ 아닌가요?
1,폭탄같은 시스템 만들었으니 곧 망하겠네요
1,본인 인증 무한 버퍼링 ㅋㅋ 장난하나
1,어플 반응이 너무 느림
1,왜설치에 계속에러나요??
5,친구 추천 받아 사용하는데 괜찮네요
3,잘못된 토큰 요청 에러 고쳐주세요
5,천호동도 더 많이 해주세요ㅎㅎ
1,줄서기하나 하는데 계좌연결하라길래 그냥 지웠습니다
5,원격줄서기 아이디어는 진자 좋은듯ㅋㅋ.. 아이디어 빨로 별 다섯개
1,써본 사람은 왜 점수가 이따위인지 알것
1,어찌 5초 마감인지... 이건 정말 아닌듯...
1,카드 등록도 아니고 계좌를 등록하라니 이게 무슨 행패임???
1,연돈용 주변 gps이용해서 주위검색을 되게해주던가 이름치면 제주에서 서울까지 나옴 대단해 ㅋㅋ
1,오늘 업데이트 내용보니 곧 망하겠네요 수고하세요
1,연돈 한명 20시에 예약된다고 뜨는데 메뉴선택안되는건 뭐죠
1,"계좌등록이 신의 한수, 와우 포인트다."
1,하 무슨 처음 로그인하고 ux를 6번이나 거쳐야해 ;;
1,메크로 작작좀 못돌리게 해결좀하세요ㅡㅡ
1,업데이트.. 어이가 없네요
1,별 1개도 아깝다. 할말하않
1,굉장히 실망 사용자편의성따윈 개나 줘버림
1,ㅋㅋㅋ 스스로나락가는 페이 시스템
1,업데이트된거 보니 아주 돈독올랐네 페이에 가입해야 줄서기 할수 있게 제약두는건 페이가입자 늘려서 예약앱 독점플랫폼 하겠다는 수작이죠? 탈퇴합니다 걍 안먹고 말지 더러워서
1,얘네 페이를 써야함 드러워서 안함 전형적인 한국형 불편마케팅앱
1,일반카드결제 왜없냐 진짜별로야
4,핫한 음식점갈때 진자 꿀ㅋㅋㅋ
1,인증하라면서 ars 전화가 안음
5,그냥 줄 서는 것보다 더 안되긴 함 어쨌든굿굿굿굿굿굿👍👍👍👍👍👍😍😍😍😍😍😍
1,페이 강제 연동 싫어요
1,사용자수가 많아서 안된다니요; 참나
5,데이트할때 좋은거같아요 여자친구한테 맨날 이걸로 물어봐요
5,유용한 어플~~~~~!!!!
5,요즘 배민이랑 테이블링 제일 많이 쓰는듯?
2,페이스북 로그인 계속 풀리네요...
1,돈 많이 버세요 ㅋㅋ 안녕~
1,불편해서 바로 삭제합니다.
1,계좌등록이 에러 뜹니다ㅜㅜ
4,친구한테 추천받아 씁니다 굿굿
1,최악 줄서는데 내계좌가 왜 필요함
1,서울권만 있네요 그래서 지웠습니다ㅡㅡ
5,힘들게 와서 그냥가니 섭섭합니다
1,처음에 진짜 등록하는거 극혐
1,설치가안되요 대기중이네요이틀내내
1,예상 입장시간같은거 만들어주세요 6시간정도 땅바닥에 처박았네요
1,별점 하나도 아깝네요 폭탄은 무슨 이앱이 폭탄이네
1,들어가지지도않은걸 왜만듬?
5,배민 테이블링. 맛잘알 2대어플ㅋㅋ
1,최악의 업데이트ㅋㅋㅋ
1,개 롯같든 앱이군요ㅎ다신안쓰겠습니다ㅎㅎ
5,스무스한 결혼기념일 보냈습니다 감사합니다
3,지역설정을 할순없는건가요? 수도권기준으로 되어있는것같은데
1,테이블링페이와 폭탄제도 신의한수네요!!
3,이걸 왜 이제서야 알았나싶어요~
1,줄 서는데 돈도내는 미친 발상 ㅋㅋㅋㅋ 하루빨리 망하길 빈다
1,선택가능한시간이없다고만뜸.
1,줄서기 유료 엡. 돈내고 줄서야함
1,플랫폼 갑질 짜증납니다.
1,사기앱일뿐입니다. 절대 설치하지 마세요.
1,테이블링페이를 쓰고 마일리지 형식이고 폭탄 어쩌구 하지만 결론은 돈내면 먼저 들여보내준다! 처음 서비스 시작할때는 제발 우리 서비스좀 써주세요 키오스크 깔아드릴게요 굽신거리면서 영업하고 돌아다녔을텐데 이제 고객 좀 모이니깐 이때다 싶어서 웨이팅 시스템 난장판으로 만들어놓고 바로 별점 테러당하는거 보니깐 마음이 편안하네요! 부모사랑도 투자했다가 화들짝 놀라서 이 회사 지분 다 청산할듯
5,앱개발자 맛집 왜케 잘아냐
1,설마 예약하는데 유료로 바뀜 ? 어쩔티비 . 삭제
1,제주도 연돈 아니면 사용하지도 안는 쓰레기앱!!
1,아무것도 안되는 이런어플을 왜 만든걸까요
1,다운이 안되는데 이거 오류 난건가요?
1,본인인증 무한 로딩
5,대기순서 안 기다려서 편해요
5,너무 편리해요
3,연돈말고는 쓸모가 없어요 탈퇴는 어떻게 하나요?
1,설치가 안됨;
3,이메일 주소에 언더바 들어가요 올바른 메일형식 맞습니다 수정해주세요
1,진짜귀찮게만들어놨습니다ㅜㅜ
1,너무나 불편하네요.
1,연돈가려고하시는분..ㅋ비추임돠.5초도안되서 이미예약끝이래요 그냥 중고나라에서 웃돈주고 사시는게빨라요. ㅋㅋ삭제합니다...
1,자리 있는데도 마감됐다고 뜸. 3명은 어디 가지도 말라는 건가?
2,매장분위기가 손님위주가 되길바랍니다
5,와 맛집 진짜 다나옴 방금 깔음
5,좋은 어플이네요
1,1개도 아깝다 쓰레기앱임
1,"사용하려다가, 계좌출금 동의 절차때매 삭제합니다."
5,사용하기 참 좋으네요.
5,너무 좋아요!!
5,이제 네이버 블로그에서 안찾게됨
1,테이블페이 계좌 강제등록은 뭐임? 배가부른듯
1,난 생처음 리뷰씀 1개도 아까움 연돈땜시 평일 4박 넉넉히 내려왔는데 친구들 모두 접속도 안되는 앱 잡고 여행 내내 뭐하는건지 신종 로또냐 요~나라는 주택청약도 로또도 뭐좀먹기위해까지 이건 다 뽑기야 우라질!! 차라리 줄섰음 좋겠다
5,원격대기 좋아요
4,편리하네요.
5,최고의 앱입니다!!
1,먼 이딴 그지같은 앱이 다있냐
1,서버관리 좀 해주세요. 폭주네
1,전 그냥 정보만확인해요 ㅋㅋㅋ
1,설치 자체가 안되는 디유?
1,갑질앱의 최고봉
5,사용하기 좋아요
1,폭탄? 운영정책이 사용자들에게 폭탄을 뿌리는게 아닌가... 어플 망하는 도화선이 될듯!
3,다운로드 왜 안되나요
5,줄도 안기다리고 맛집을 먹을수있다니 jmt이였습니다 떙큐
1,페이 계좌 등록안됨. 개구림
1,망해라. 돈벌이수단으로 바꼈네
1,앱 설치 왤케 오래걸리나요?
1,그냥 사용하지말라는 앱
1,확정번호 키오스크에서 받을거면 이거 왜씀?
5,"하,,,, 드디어 연돈성공ㅋㅋ 기분째집니다ㅋㅋㅋ"
1,웨이팅 어플에 계좌연결이라니 최악이네
5,음식이 맛있어요
1,연돈만을 위한 어플같네요ㅎㅎ 열흘째 연돈 실패중~ 열받습니다
1,개인정보 팔아먹는 놈들 같은데 이따위 앱에 금융정보를 올리겠끔 만들다니 쓰레기 같은 새끼들.
1,코딩뭉치 레전드 ㅋㅋ 안씀 걍
1,갑자기 왠 테이블링페이?? 탈퇴합니다
1,친구가 무료라고 설치했는데 돈을 내라고 하니 쓸수 없을 것 같네요. 🤔
5,유용해요~!!!!
1,연돈때문에 설치했다가 페이강요에 빡쳐서 지움 욕이 절로 나오는 쓰레기앱 퉷 이앱때문에 연돈 안감 아니 못 감 어차피 제주 맛집 널려있으니 칼삭제 ㄲㅈ라
1,무슨 말도안되누 시스템 도입을ㅋㅋ
5,이런 어플이 여수에서도 된다니 지방사람 감격해서 울어요
1,해비유저들에게 유용한 어플 일반사람은 gg
1,계좌등록은 왜하라는건지? 쓰레기
2,쓰레기에요. 별로요..
1,"페이가입,충전이 의무? 망하겠군"
1,설치조차안됨ㅋㅋㅋ
1,아니 줄서기가 안되잖아요ㅡㅡ
1,본인확인 문자가 안와요
1,계좌등록거지같이안됨
2,연돈만을 위한 앱인듯.. ㅎㅎ
1,하다하다 줄서기에 계좌등록 그것도 모자라서 오픈뱅킹 가입? 에라이 안쓰고 만다
1,와 창조경제 ㅋㅋ
4,줄서기79번 1시간 50분 대기로 입장했어요
5,맛. 친절 찐 입니당 # 가족과 부담없이~~
1,오후 8시에 접속 안되는 어플 ㅋㅋ
1,레전드 돈무새가 되었네..
1,연돈 예전 예약 방식 돌려줘요
1,1점이 아깝다.. 정신차려라
1,이제 줄서는데도 돈을 내야하냑ㅋㅋ
1,폭탄이랑 페이 머냐 ㅋㅋ 지워야것네
1,웬 계좌연동?어이가없네요
1,계좌등록도 똑바로 안 되면서 뭔 폭탄 ㅋㅋ 진짜 폭탄 던지고싶네 차라리 테이블링 있는 식당 안 가고 다른 곳 가지
1,테이블링페이.. ㅋ
5,매우만족합니다
1,어플 왜이렇게 바뀜????ㅡㅡ
5,잘쓰고있어요
1,강제 정보노출
1,갑분 폭탄? 진짜 폭탄ㅋㅋㅋㅋㅋ
5,스테이크 정말 맛있어요 화이얏트호텔 스테이크 ㅇ솟지알았습니당
1,다른 앱 찾으러간다
1,사람 손으로는 연돈 예약 못해요
1,돈독이 오르셨네요~ 뭔?충전?ㅋㅋㅋㅋ
1,쓰레기는 버려라
1,폭탄업뎃 후 극혐됨 삭제함ㅃ
1,폭탄같은 소리하네
1,돈처벌더니 폭탄 ??? 드러워서안해
1,다운이 안되네요
1,앱 다운로드 안됩니다
1,폭탄이 폭탄 되겠네
5,진짜 좋아요
1,깔자마자 지웠어요
1,리뷰보고 반성들좀하고있나요?ㅎㅎㅎㅎ
1,이걸쓰라고 만든겁니까 무슨 예약 어플이 개인정보에 은행에 하다 욕나와서 삭제
1,연돈 예약하려니 페이가입하라네 ㅋ 에라이
1,줄서는데 돈까지내야되노?
5,편리해요
1,최악의 어플
1,사용하기힘듦.
1,계좌연결?장난하나
1,그냥 최악임
5,"ㄷㆍ ㄷㅇ 나 , ' '.,."
1,줄서는데 유료 실화냐?
1,어플다운이안되요
1,1점도 아까움
1,페이를 강제가입 시키네 와 개ㅡ레기앱
2,탈퇴 어찌하나요?
1,뭔코드번호 ..
1,와 무슨 페이등록에 계좌에 가서 기다리고 말지
1,이제는 사용안할랍니다
1,취지를 잃어버린듯 페이라니..
2,동문시장 점유
1,앱이 안열림
1,연돈 차라리 줄서고 싶다
5,감사합니다^^
1,제되로 되는데 없어요
1,안깔려요ㅡㅡ
1,즉 시 삭 제
2,있는 ㄱ5ㄴ
1,어플 수준ㅋㅋㅋ 폭탄 받아라~
5,좋아요~^^
1,본인인증 문자 왜안댐유?
1,계속에러남
3,제주 서귀포시 성산구
2,회원탈퇴는 어떻게 하나요??
1,매크로잇냐싯팔~~
5,넘 편해요
5,유용합니다
4,좋았습니다
1,쓸애기
2,잘하쟈!
3,모가몬지
5,감사합니다.
1,불편쓰
1,쓰레기어플
1,쓰레기어플
1,구림
5,굿 좋아요 진즉에할걸
5,Ewewt@=•~
1,쓰레기
1,소탐대실
1,꼭 망하길.
1,사실상 양아치
5,최고예요
1,최악
1,잘가라
1,최악
1,이게 몹니까
5,좋아요
5,굿
1,쓰레기
1,돈독!
1,퇴화
1,극혐이네요
4,굿
5,맛있어요
5,간편하고 좋습니다!!
4,좋네요 ~
5,좋아요.
5,편리합니다
5,굿
4,굳굳
5,굿굿
5,구웃
5,편해요
5,좋네요.
4,좋음
1,폭탄 받아라~
5,좋아요
1,쓰기 불편..
1,UI최악임
1,짜증..
5,굳🤪
1,개구림
1,개썩었다
4,편해요
5,굿
5,좋아요
5,굿
5,좋아요
5,좋아요
1,아 답답
5,좋음
1,접속늦음
5,좋아요.
5,좋아요
5,좋음
5,나이따
5,너무 좋습니다
5,깔끔하구 좋네요
3,이런 어플 다 사용해본 결과. 테이블링이 가장 많은 핫한 음식점을 보유함. 이런건 매장 보유 싸움인듯.
5,믿고 씁니다 정말 잘써요 예전보다 많이 편해졌네요
5,테이블링 정말 편리하고 간편하고 빠르고 최고에요
1,앱 설치도 안돼요ㅡㅡ
4,다 좋습니다. 지방도 얼른 더 많이 생겼으면 해요.
5,기념일?!에 정말 좋아용~^^ 자주 키진 않고 특별한 날 가끔 생각나는 어플~!
5,ㆍㄱㅅ디시ㅣw!I!
1,설치 개짜증
5,Goooood~☆ 유용
1,최악임
5,맛집인정
5,굿
1,부자되세요
1,쓰레기앱
1,쓰레기앱
1,垃圾앱
5,조~~~~~~~타
1,구림
